,Group,Attribute,Year,QuestionNo.,Estimate,cv,CI Lower,CI Upper,Unweightedn,QuestionText,QuestionGroup,Region,Province,Marker
0,All,,2018,fv1fvol,0.4599795577820333,4.2289927204235385,0.4218533544253248,0.4981057611387418,1099,Formal volunteer flag,Volunteer rate,10,NL,
1,All,,2018,fv1fvol,0.4787389102966198,4.851879187915581,0.4332131930935832,0.5242646274996565,740,Formal volunteer flag,Volunteer rate,11,PE,
2,All,,2018,fv1fvol,0.4459701470046773,4.3999610860873135,0.4075107283879121,0.4844295656214425,1103,Formal volunteer flag,Volunteer rate,12,NS,
3,All,,2018,fv1fvol,0.4201563631259485,4.2477440210283754,0.3851765589843099,0.45513616726758704,1106,Formal volunteer flag,Volunteer rate,13,NB,
4,All,,2018,fv1fvol,0.3247233654226409,4.133260130249338,0.2984173924725783,0.3510293383727035,2013,Formal volunteer flag,Volunteer rate,24,QC,
5,All,,2018,fv1fvol,0.4154158068784105,2.4140004738028265,0.3957610145357271,0.43507059922109376,4346,Formal volunteer flag,Volunteer rate,35,ON,
6,All,,2018,fv1fvol,0.4913688643712426,3.9827360819242257,0.4530125160800514,0.529725212662434,1150,Formal volunteer flag,Volunteer rate,46,MB,
7,All,,2018,fv1fvol,0.5455423908613022,3.4766594883524493,0.5083684374160382,0.5827163443065662,1003,Formal volunteer flag,Volunteer rate,47,SK,
8,All,,2018,fv1fvol,0.4573570337071214,3.8798646230395626,0.42257779864197065,0.4921362687722722,1412,Formal volunteer flag,Volunteer rate,48,AB,
9,All,,2018,fv1fvol,0.4390605693434131,3.3461191079415107,0.41026577883594456,0.4678553598508816,2177,Formal volunteer flag,Volunteer rate,59,BC,
10,All,,2018,fv1fvol,0.4110613800977867,1.4585171886514283,0.3993106102910245,0.4228121499045489,-,Formal volunteer flag,Volunteer rate,CA,,
11,All,,2018,fv1fvol,0.4367039535232407,1.5247420458994294,0.4236533200969701,0.4497545869495112,-,Formal volunteer flag,Volunteer rate,CA (without QC),,
12,All,,2018,fv1fvol,0.4573570337071214,3.8798646230395626,0.42257779864197065,0.4921362687722722,1412,Formal volunteer flag,Volunteer rate,AB,,
13,All,,2018,fv1fvol,0.4429571497466657,2.3896925860608933,0.4222103152144557,0.46370398427887605,4048,Formal volunteer flag,Volunteer rate,AT,,
14,All,,2018,fv1fvol,0.4390605693434131,3.3461191079415107,0.41026577883594456,0.4678553598508816,2177,Formal volunteer flag,Volunteer rate,BC,,
15,All,,2018,fv1fvol,0.4154158068784105,2.4140004738028265,0.3957610145357271,0.43507059922109376,4346,Formal volunteer flag,Volunteer rate,ON,,
16,All,,2018,fv1fvol,0.5163983729694825,2.609119003199436,0.4899908999824477,0.5428058459565174,2153,Formal volunteer flag,Volunteer rate,PR,,
17,All,,2018,fv1fvol,0.3247233654226409,4.133260130249338,0.2984173924725783,0.3510293383727035,2013,Formal volunteer flag,Volunteer rate,QC,,
18,Age group,15 à 24 ans,2018,fv1fvol,0.52321431595709,4.584671687229565,0.4761993690135034,0.5702292629006767,845,Formal volunteer flag,Volunteer rate,CA,,
19,Age group,25 à 34 ans,2018,fv1fvol,0.3676927989479191,3.971045384100023,0.33907487889481125,0.3963107190010269,1846,Formal volunteer flag,Volunteer rate,CA,,
20,Age group,35 à 44 ans,2018,fv1fvol,0.4579079135301491,3.189579011476648,0.4292819835323735,0.4865338435279247,2523,Formal volunteer flag,Volunteer rate,CA,,
21,Age group,45 à 54 ans,2018,fv1fvol,0.4157937156105773,3.3324203857260444,0.38863646533910745,0.4429509658820472,2609,Formal volunteer flag,Volunteer rate,CA,,
22,Age group,55 à 64 ans,2018,fv1fvol,0.3746001408535901,3.0970889805497657,0.3518612273144795,0.3973390543927007,3481,Formal volunteer flag,Volunteer rate,CA,,
23,Age group,65 à 74 ans,2018,fv1fvol,0.39215125445276733,3.025373124128412,0.3688981659716095,0.41540434293392536,3019,Formal volunteer flag,Volunteer rate,CA,,
24,Age group,75 ans et plus,2018,fv1fvol,0.3049184847921243,4.50989781218789,0.27796601639294755,0.33187095319130105,1826,Formal volunteer flag,Volunteer rate,CA,,
25,Gender,Hommes,2018,fv1fvol,0.38172054493976415,2.338495108703753,0.36422489453857937,0.399216195340949,7242,Formal volunteer flag,Volunteer rate,CA,,
26,Gender,Femmes,2018,fv1fvol,0.43959830663692495,1.9547074775471571,0.4227566086095999,0.45644000466425,8907,Formal volunteer flag,Volunteer rate,CA,,
27,Education,Sans diplôme d'études secondaires,2018,fv1fvol,0.3509131508220721,4.689921066835343,0.3186569459663652,0.38316935567777904,1568,Formal volunteer flag,Volunteer rate,CA,,
28,Education,Diplôme d'études secondaires,2018,fv1fvol,0.33021207371350025,4.053809315856387,0.3039756669221811,0.3564484805048194,3502,Formal volunteer flag,Volunteer rate,CA,,
29,Education,Diplôme post-secondaire,2018,fv1fvol,0.38312822762981696,2.6580948315491355,0.3631681276390833,0.4030883276205505,5142,Formal volunteer flag,Volunteer rate,CA,,
30,Education,Diplôme universtaire,2018,fv1fvol,0.5165778899674887,2.183404454196793,0.4944714862537748,0.5386842936812025,4544,Formal volunteer flag,Volunteer rate,CA,,
31,Marital status (original),Marié.e,2018,fv1fvol,0.4250701791590763,1.836681405502744,0.40976837785416703,0.4403719804639856,8083,Formal volunteer flag,Volunteer rate,CA,,
32,Marital status (original),Union de fait,2018,fv1fvol,0.3770710273273697,4.6239761851645635,0.3428977332518515,0.4112443214028879,1487,Formal volunteer flag,Volunteer rate,CA,,
33,Marital status (original),Veuf.ve,2018,fv1fvol,0.2995435488192611,5.495061600122009,0.2672823406848769,0.3318047569536453,1421,Formal volunteer flag,Volunteer rate,CA,,
34,Marital status (original),Séparé.e,2018,fv1fvol,0.3684054775049802,7.767932106290207,0.3123162329348057,0.4244947220751547,517,Formal volunteer flag,Volunteer rate,CA,,
35,Marital status (original),divorcé.e,2018,fv1fvol,0.4002593539949445,4.3965728212464965,0.36576850759839935,0.4347502003914896,1380,Formal volunteer flag,Volunteer rate,CA,,
36,Marital status (original),"Célibataire, jamais marié.e",2018,fv1fvol,0.4240621035395047,3.1975816367983176,0.3974855172747439,0.4506386898042654,3261,Formal volunteer flag,Volunteer rate,CA,,
37,Labour force status,Employé.e,2018,fv1fvol,0.40971337436581584,1.9416576551567968,0.3941214079258756,0.4253053408057561,8587,Formal volunteer flag,Volunteer rate,CA,,
38,Labour force status,Au chômage,2018,fv1fvol,0.4053362281641793,9.95458479542959,0.32625258583453803,0.4844198704938205,348,Formal volunteer flag,Volunteer rate,CA,,
39,Labour force status,Pas dans la population active,2018,fv1fvol,0.3909312028627424,2.510529591360306,0.3716952470161695,0.4101671587093152,5824,Formal volunteer flag,Volunteer rate,CA,,
40,Labour force status,Unable to determine,2018,fv1fvol,0.5063667003777385,4.383339233908931,0.46286379008820205,0.5498696106672749,1390,Formal volunteer flag,Volunteer rate,CA,,
41,Personal income category,"Moins de 25,000 $",2018,fv1fvol,0.4123623543035351,2.7921792997304973,0.38979553224018654,0.4349291763668837,4527,Formal volunteer flag,Volunteer rate,CA,,
42,Personal income category,"25,000 $ à 49,999 $",2018,fv1fvol,0.35843788923042963,2.699005995582795,0.3394766878166489,0.3773990906442104,4837,Formal volunteer flag,Volunteer rate,CA,,
43,Personal income category,"50,000 $ a 74,999 $",2018,fv1fvol,0.4188777451763538,2.894076107297709,0.3951178059246409,0.4426376844280667,3270,Formal volunteer flag,Volunteer rate,CA,,
44,Personal income category,"75,000 $ à 99,999 $",2018,fv1fvol,0.4646045804508782,3.626598267076497,0.4315804776274244,0.4976286832743319,1813,Formal volunteer flag,Volunteer rate,CA,,
45,Personal income category,"100,000 $ à 124,999 $",2018,fv1fvol,0.5204311457939742,4.877897742095096,0.4706753058307158,0.5701869857572326,775,Formal volunteer flag,Volunteer rate,CA,,
46,Personal income category,"125,000 $ et plus",2018,fv1fvol,0.5256116896311746,4.3669226152153975,0.48062452704030395,0.5705988522220451,927,Formal volunteer flag,Volunteer rate,CA,,
47,Frequency of religious attendance,Au moins 1 fois par semaine,2018,fv1fvol,0.6106820990286149,2.681170029064308,0.5785907749175105,0.6427734231397193,2383,Formal volunteer flag,Volunteer rate,CA,,
48,Frequency of religious attendance,Au moins 1 fois par mois,2018,fv1fvol,0.5083329622760914,4.605746842147452,0.4624452479481584,0.5542206766040244,1208,Formal volunteer flag,Volunteer rate,CA,,
49,Frequency of religious attendance,Au moins 3 fois par mois,2018,fv1fvol,0.4244544162664177,5.114808448672061,0.3819035386889914,0.4670052938438439,1297,Formal volunteer flag,Volunteer rate,CA,,
50,Frequency of religious attendance,1 ou 2 fois par an,2018,fv1fvol,0.4124959276872082,3.8972819092258972,0.3809872935109419,0.4440045618634745,2164,Formal volunteer flag,Volunteer rate,CA,,
51,Frequency of religious attendance,Pas du tout,2018,fv1fvol,0.3309338476819094,2.443741797367415,0.3150832881804313,0.3467844071833875,7820,Formal volunteer flag,Volunteer rate,CA,,
52,Immigration status,Né.e au Canada,2018,fv1fvol,0.422961462097001,1.6303937739741392,0.4094456732624509,0.4364772509315512,12093,Formal volunteer flag,Volunteer rate,CA,,
53,Immigration status,Naturalisé.e,2018,fv1fvol,0.3434586240411757,3.7896214917787545,0.31794816041976226,0.3689690876625892,2492,Formal volunteer flag,Volunteer rate,CA,,
54,Immigration status,Non canadien.ne,2018,fv1fvol,0.3954311741685792,10.47808131318858,0.3142228104832623,0.4766395378538961,319,Formal volunteer flag,Volunteer rate,CA,,
55,Immigration status,Unknown,2018,fv1fvol,0.5206352595369496,4.485650635475298,0.4748624981348989,0.5664080209390002,1245,Formal volunteer flag,Volunteer rate,CA,,
56,Age group,15 à 24 ans,2018,fv1fvol,0.5281678426955378,4.723031867111764,0.4792754914966732,0.5770601938944024,757,Formal volunteer flag,Volunteer rate,CA (without QC),,
57,Age group,25 à 34 ans,2018,fv1fvol,0.3858999182367859,4.232573221206659,0.3538868531592793,0.4179129833142925,1624,Formal volunteer flag,Volunteer rate,CA (without QC),,
58,Age group,35 à 44 ans,2018,fv1fvol,0.4835561526922752,3.289389440920845,0.4523808773017405,0.5147314280828098,2171,Formal volunteer flag,Volunteer rate,CA (without QC),,
59,Age group,45 à 54 ans,2018,fv1fvol,0.4457637312705036,3.4643548964736177,0.41549632565549705,0.4760311368855102,2315,Formal volunteer flag,Volunteer rate,CA (without QC),,
60,Age group,55 à 64 ans,2018,fv1fvol,0.4118846986140598,3.2235682897641698,0.38586150311674017,0.4379078941113794,3038,Formal volunteer flag,Volunteer rate,CA (without QC),,
61,Age group,65 à 74 ans,2018,fv1fvol,0.4247908006488452,3.1130903714848923,0.3988719987543165,0.4507096025433739,2647,Formal volunteer flag,Volunteer rate,CA (without QC),,
62,Age group,75 ans et plus,2018,fv1fvol,0.333115086812349,4.849034726362269,0.3014560507382221,0.3647741228864759,1584,Formal volunteer flag,Volunteer rate,CA (without QC),,
63,Gender,Hommes,2018,fv1fvol,0.4067346343727183,2.545622898521829,0.3864413044961996,0.42702796424923695,6309,Formal volunteer flag,Volunteer rate,CA (without QC),,
64,Gender,Femmes,2018,fv1fvol,0.4656714340269999,1.890671632270604,0.4484152884211885,0.4829275796328113,7827,Formal volunteer flag,Volunteer rate,CA (without QC),,
65,Education,Sans diplôme d'études secondaires,2018,fv1fvol,0.39713457557693865,4.940093935053636,0.35868239283693193,0.4355867583169454,1318,Formal volunteer flag,Volunteer rate,CA (without QC),,
66,Education,Diplôme d'études secondaires,2018,fv1fvol,0.3461717697463265,4.07859730234816,0.3184991314206589,0.37384440807199415,3108,Formal volunteer flag,Volunteer rate,CA (without QC),,
67,Education,Diplôme post-secondaire,2018,fv1fvol,0.4100690236912613,2.715055282436651,0.3882475673218536,0.4318904800606689,4465,Formal volunteer flag,Volunteer rate,CA (without QC),,
68,Education,Diplôme universtaire,2018,fv1fvol,0.5324840425941209,2.3373443383656256,0.5080903590223603,0.5568777261658814,3992,Formal volunteer flag,Volunteer rate,CA (without QC),,
69,Marital status (original),Marié.e,2018,fv1fvol,0.4552381353934135,1.8449647878476696,0.43877643062088906,0.47169984016593797,7370,Formal volunteer flag,Volunteer rate,CA (without QC),,
70,Marital status (original),Union de fait,2018,fv1fvol,0.3994682705335395,5.502756247621175,0.3563848023973889,0.4425517386696902,1044,Formal volunteer flag,Volunteer rate,CA (without QC),,
71,Marital status (original),Veuf.ve,2018,fv1fvol,0.3366207786971737,5.681428734802824,0.2991367229776427,0.3741048344167047,1257,Formal volunteer flag,Volunteer rate,CA (without QC),,
72,Marital status (original),Séparé.e,2018,fv1fvol,0.4026160652654559,8.021695861678639,0.33931582140179417,0.4659163091291175,457,Formal volunteer flag,Volunteer rate,CA (without QC),,
73,Marital status (original),divorcé.e,2018,fv1fvol,0.4064558257421744,4.956607826715216,0.3669695656338847,0.4459420858504642,1186,Formal volunteer flag,Volunteer rate,CA (without QC),,
74,Marital status (original),"Célibataire, jamais marié.e",2018,fv1fvol,0.4363904608552229,3.481084402643312,0.4066164122461957,0.46616450946425,2822,Formal volunteer flag,Volunteer rate,CA (without QC),,
75,Labour force status,Employé.e,2018,fv1fvol,0.4314967722870026,2.0399063865314107,0.4142449140772743,0.44874863049673097,7544,Formal volunteer flag,Volunteer rate,CA (without QC),,
76,Labour force status,Au chômage,2018,fv1fvol,0.4192562976619727,10.869365184287288,0.3299397627244553,0.5085728325994899,296,Formal volunteer flag,Volunteer rate,CA (without QC),,
77,Labour force status,Pas dans la population active,2018,fv1fvol,0.4204320082519948,2.6461450973997764,0.3986269366231167,0.4422370798808729,5062,Formal volunteer flag,Volunteer rate,CA (without QC),,
78,Labour force status,Unable to determine,2018,fv1fvol,0.548742204754933,4.355945978266605,0.5018933541911896,0.5955910553186763,1234,Formal volunteer flag,Volunteer rate,CA (without QC),,
79,Personal income category,"Moins de 25,000 $",2018,fv1fvol,0.4328674501682763,2.9923636606617503,0.4074800988511561,0.4582548014853966,3961,Formal volunteer flag,Volunteer rate,CA (without QC),,
80,Personal income category,"25,000 $ à 49,999 $",2018,fv1fvol,0.3880877295621545,2.8705983978143585,0.3662528681022567,0.40992259102205225,4156,Formal volunteer flag,Volunteer rate,CA (without QC),,
81,Personal income category,"50,000 $ a 74,999 $",2018,fv1fvol,0.4431529074295701,3.1950995431103597,0.4154014313985225,0.4709043834606177,2841,Formal volunteer flag,Volunteer rate,CA (without QC),,
82,Personal income category,"75,000 $ à 99,999 $",2018,fv1fvol,0.4823286237822284,3.605711488782255,0.4482421480819816,0.5164150994824752,1632,Formal volunteer flag,Volunteer rate,CA (without QC),,
83,Personal income category,"100,000 $ à 124,999 $",2018,fv1fvol,0.5547837212466842,4.679286925819778,0.5039032088208699,0.6056642336724984,698,Formal volunteer flag,Volunteer rate,CA (without QC),,
84,Personal income category,"125,000 $ et plus",2018,fv1fvol,0.5476429443465679,4.18711881943483,0.5027000670570173,0.5925858216361185,848,Formal volunteer flag,Volunteer rate,CA (without QC),,
85,Frequency of religious attendance,Au moins 1 fois par semaine,2018,fv1fvol,0.6382690073431834,2.6489830292795684,0.6051306464156141,0.6714073682707528,2220,Formal volunteer flag,Volunteer rate,CA (without QC),,
86,Frequency of religious attendance,Au moins 1 fois par mois,2018,fv1fvol,0.5195784068290394,4.8474047649725875,0.4702146197540958,0.5689421939039829,1106,Formal volunteer flag,Volunteer rate,CA (without QC),,
87,Frequency of religious attendance,Au moins 3 fois par mois,2018,fv1fvol,0.440446408404192,5.800914348408682,0.39036948754802064,0.4905233292603633,1125,Formal volunteer flag,Volunteer rate,CA (without QC),,
88,Frequency of religious attendance,1 ou 2 fois par an,2018,fv1fvol,0.4351732082479573,4.310889927486887,0.3984046014092453,0.4719418150866692,1805,Formal volunteer flag,Volunteer rate,CA (without QC),,
89,Frequency of religious attendance,Pas du tout,2018,fv1fvol,0.3457994443386003,2.5680684296924343,0.3283942461032608,0.36320464257393975,6749,Formal volunteer flag,Volunteer rate,CA (without QC),,
90,Immigration status,Né.e au Canada,2018,fv1fvol,0.4547410304731908,1.7583445305836818,0.4390693269359279,0.4704127340104537,10472,Formal volunteer flag,Volunteer rate,CA (without QC),,
91,Immigration status,Naturalisé.e,2018,fv1fvol,0.35507345762632625,3.93713384681304,0.3276737152410133,0.3824732000116392,2280,Formal volunteer flag,Volunteer rate,CA (without QC),,
92,Immigration status,Non canadien.ne,2018,fv1fvol,0.4137128061866036,10.81668902230097,0.3260043636057798,0.5014212487674274,274,Formal volunteer flag,Volunteer rate,CA (without QC),,
93,Immigration status,Unknown,2018,fv1fvol,0.5706584843458717,4.368609422184652,0.5217968951869025,0.6195200735048411,1110,Formal volunteer flag,Volunteer rate,CA (without QC),,
94,Age group,15 à 24 ans,2018,fv1fvol,0.4900126549551036,14.572195950416805,0.3500602423074648,0.6299650676027424,74,Formal volunteer flag,Volunteer rate,AB,,
95,Age group,25 à 34 ans,2018,fv1fvol,0.3594423358607168,10.519734825375279,0.28533143174893805,0.4335532399724955,205,Formal volunteer flag,Volunteer rate,AB,,
96,Age group,35 à 44 ans,2018,fv1fvol,0.520241953320721,7.495390986598254,0.4438147874973341,0.5966691191441079,258,Formal volunteer flag,Volunteer rate,AB,,
97,Age group,45 à 54 ans,2018,fv1fvol,0.5035013852588666,9.06021774787392,0.4140911173624015,0.5929116531553317,241,Formal volunteer flag,Volunteer rate,AB,,
98,Age group,55 à 64 ans,2018,fv1fvol,0.4751823416380922,7.088555496943132,0.4091637693297097,0.5412009139464747,320,Formal volunteer flag,Volunteer rate,AB,,
99,Age group,65 à 74 ans,2018,fv1fvol,0.4458401503436629,9.229621820290015,0.3651888871493069,0.526491413538019,197,Formal volunteer flag,Volunteer rate,AB,,
100,Age group,75 ans et plus,2018,fv1fvol,0.35404906182498685,16.262866427431568,0.2411972245582267,0.466900899091747,117,Formal volunteer flag,Volunteer rate,AB,,
101,Age group,15 à 24 ans,2018,fv1fvol,0.4977592816417241,9.621512875422253,0.4038927386845079,0.5916258245989403,194,Formal volunteer flag,Volunteer rate,AT,,
102,Age group,25 à 34 ans,2018,fv1fvol,0.3884772003241929,8.691609193513333,0.3222991730694806,0.4546552275789053,363,Formal volunteer flag,Volunteer rate,AT,,
103,Age group,35 à 44 ans,2018,fv1fvol,0.5282320926191852,5.061633246071541,0.4758281999864974,0.5806359852518731,594,Formal volunteer flag,Volunteer rate,AT,,
104,Age group,45 à 54 ans,2018,fv1fvol,0.4610947478504549,5.008182560738013,0.4158343447056284,0.5063551509952814,678,Formal volunteer flag,Volunteer rate,AT,,
105,Age group,55 à 64 ans,2018,fv1fvol,0.3907976113089098,4.977008661771631,0.3526762511196325,0.4289189714981871,936,Formal volunteer flag,Volunteer rate,AT,,
106,Age group,65 à 74 ans,2018,fv1fvol,0.4719105377251673,4.491253216622685,0.4303696945398161,0.5134513809105185,835,Formal volunteer flag,Volunteer rate,AT,,
107,Age group,75 ans et plus,2018,fv1fvol,0.3381604980702048,7.836160872918224,0.2862238031873099,0.3900971929530997,448,Formal volunteer flag,Volunteer rate,AT,,
108,Age group,15 à 24 ans,2018,fv1fvol,0.4667204130747077,11.02131136157887,0.3659023942340035,0.5675384319154119,125,Formal volunteer flag,Volunteer rate,BC,,
109,Age group,25 à 34 ans,2018,fv1fvol,0.3338079576921748,10.827028641173069,0.2629719523000555,0.4046439630842941,245,Formal volunteer flag,Volunteer rate,BC,,
110,Age group,35 à 44 ans,2018,fv1fvol,0.4825176865992642,7.282690682056898,0.4136440218138399,0.5513913513846884,326,Formal volunteer flag,Volunteer rate,BC,,
111,Age group,45 à 54 ans,2018,fv1fvol,0.4914027745158108,7.992056771025123,0.41442873907892136,0.5683768099527002,350,Formal volunteer flag,Volunteer rate,BC,,
112,Age group,55 à 64 ans,2018,fv1fvol,0.471219264001289,6.4301615106447185,0.4118320421761525,0.5306064858264257,437,Formal volunteer flag,Volunteer rate,BC,,
113,Age group,65 à 74 ans,2018,fv1fvol,0.44157589059618335,7.141275333444429,0.3797700920120829,0.5033816891802838,431,Formal volunteer flag,Volunteer rate,BC,,
114,Age group,75 ans et plus,2018,fv1fvol,0.3538366934702579,10.10355962905608,0.283767782450674,0.4239056044898418,263,Formal volunteer flag,Volunteer rate,BC,,
115,Age group,15 à 24 ans,2018,fv1fvol,0.5451546400609232,7.097408601602923,0.4693200030269665,0.6209892770948798,226,Formal volunteer flag,Volunteer rate,ON,,
116,Age group,25 à 34 ans,2018,fv1fvol,0.3836299184421909,7.186441568057003,0.3295950051088405,0.4376648317755413,509,Formal volunteer flag,Volunteer rate,ON,,
117,Age group,35 à 44 ans,2018,fv1fvol,0.4429603503834798,5.4244079729223165,0.39586638169845856,0.490054319068501,677,Formal volunteer flag,Volunteer rate,ON,,
118,Age group,45 à 54 ans,2018,fv1fvol,0.4155394311791452,5.106560521857941,0.3739494412301328,0.4571294211281577,727,Formal volunteer flag,Volunteer rate,ON,,
119,Age group,55 à 64 ans,2018,fv1fvol,0.3627872229346389,5.583869057824925,0.3230831280852137,0.4024913177840642,917,Formal volunteer flag,Volunteer rate,ON,,
120,Age group,65 à 74 ans,2018,fv1fvol,0.39877239700785705,5.20639048326485,0.35808031441786337,0.4394644795978506,795,Formal volunteer flag,Volunteer rate,ON,,
121,Age group,75 ans et plus,2018,fv1fvol,0.31966369830543995,7.044277518648088,0.2755292331528783,0.3637981634580016,495,Formal volunteer flag,Volunteer rate,ON,,
122,Age group,15 à 24 ans,2018,fv1fvol,0.6312261671747249,7.411572501356933,0.5395316334599858,0.7229207008894641,138,Formal volunteer flag,Volunteer rate,PR,,
123,Age group,25 à 34 ans,2018,fv1fvol,0.5412556175612883,6.225960149940595,0.4752080474681751,0.6073031876544015,302,Formal volunteer flag,Volunteer rate,PR,,
124,Age group,35 à 44 ans,2018,fv1fvol,0.6014954458245426,6.036622501540853,0.5303291350665927,0.6726617565824925,316,Formal volunteer flag,Volunteer rate,PR,,
125,Age group,45 à 54 ans,2018,fv1fvol,0.4184167285588912,8.254746739888724,0.3507210596362177,0.4861123974815647,319,Formal volunteer flag,Volunteer rate,PR,,
126,Age group,55 à 64 ans,2018,fv1fvol,0.5051221981779089,5.899568173109387,0.4467152156991713,0.5635291806566466,428,Formal volunteer flag,Volunteer rate,PR,,
127,Age group,65 à 74 ans,2018,fv1fvol,0.4544379375243755,6.7739048462973965,0.3941039869874269,0.514771888061324,389,Formal volunteer flag,Volunteer rate,PR,,
128,Age group,75 ans et plus,2018,fv1fvol,0.3363745047505094,10.414790515397687,0.2677116744360486,0.4050373350649702,261,Formal volunteer flag,Volunteer rate,PR,,
129,Age group,15 à 24 ans,2018,fv1fvol,0.5040283577624358,13.41065143519378,0.3715475592325891,0.6365091562922826,88,Formal volunteer flag,Volunteer rate,QC,,
130,Age group,25 à 34 ans,2018,fv1fvol,0.30098668266712697,11.185906902669359,0.2349984386182257,0.3669749267160282,222,Formal volunteer flag,Volunteer rate,QC,,
131,Age group,35 à 44 ans,2018,fv1fvol,0.37377036378082784,8.036505166597465,0.3148968194068459,0.4326439081548098,352,Formal volunteer flag,Volunteer rate,QC,,
132,Age group,45 à 54 ans,2018,fv1fvol,0.3117880327635373,9.1441267339721,0.2559088855746254,0.3676671799524492,294,Formal volunteer flag,Volunteer rate,QC,,
133,Age group,55 à 64 ans,2018,fv1fvol,0.2557563028488876,8.72515846207212,0.2120194268464228,0.2994931788513524,443,Formal volunteer flag,Volunteer rate,QC,,
134,Age group,65 à 74 ans,2018,fv1fvol,0.2935244892185719,9.259872495043494,0.2402526809695369,0.3467962974676069,372,Formal volunteer flag,Volunteer rate,QC,,
135,Age group,75 ans et plus,2018,fv1fvol,0.22169683693065492,13.089402846554187,0.16482104957131236,0.2785726242899976,242,Formal volunteer flag,Volunteer rate,QC,,
136,Gender,Hommes,2018,fv1fvol,0.400621486633928,6.120380457695737,0.3525640337296742,0.4486789395381818,673,Formal volunteer flag,Volunteer rate,AB,,
137,Gender,Femmes,2018,fv1fvol,0.5151399927151954,4.988835823233155,0.4647699208411964,0.5655100645891944,739,Formal volunteer flag,Volunteer rate,AB,,
138,Gender,Hommes,2018,fv1fvol,0.4179678026249541,3.697008669503575,0.3876818395852531,0.4482537656646551,1770,Formal volunteer flag,Volunteer rate,AT,,
139,Gender,Femmes,2018,fv1fvol,0.4668354604745156,3.3341716399882984,0.436328433822632,0.4973424871263992,2278,Formal volunteer flag,Volunteer rate,AT,,
140,Gender,Hommes,2018,fv1fvol,0.3958576659347772,5.408692014262726,0.3538934219998648,0.4378219098696897,941,Formal volunteer flag,Volunteer rate,BC,,
141,Gender,Femmes,2018,fv1fvol,0.4808508770277601,4.050293623742558,0.4426788685328104,0.5190228855227098,1236,Formal volunteer flag,Volunteer rate,BC,,
142,Gender,Hommes,2018,fv1fvol,0.3986686163910481,4.0809713100319005,0.3667808807066825,0.4305563520754137,1945,Formal volunteer flag,Volunteer rate,ON,,
143,Gender,Femmes,2018,fv1fvol,0.4312994517539626,3.0232179776569827,0.4057432411405539,0.4568556623673714,2401,Formal volunteer flag,Volunteer rate,ON,,
144,Gender,Hommes,2018,fv1fvol,0.4752975257974732,4.536449975954788,0.4330374987399405,0.5175575528550059,980,Formal volunteer flag,Volunteer rate,PR,,
145,Gender,Femmes,2018,fv1fvol,0.5573894513712258,3.2405225066831864,0.5219879338761083,0.5927909688663432,1173,Formal volunteer flag,Volunteer rate,PR,,
146,Gender,Hommes,2018,fv1fvol,0.2986459365295557,6.368706007678157,0.2613676534045121,0.3359242196545993,933,Formal volunteer flag,Volunteer rate,QC,,
147,Gender,Femmes,2018,fv1fvol,0.35062289571195626,5.584297293194891,0.31224714413420873,0.3889986472897038,1080,Formal volunteer flag,Volunteer rate,QC,,
148,Education,Sans diplôme d'études secondaires,2018,fv1fvol,0.3920503434991948,13.414994186072773,0.2889689173370815,0.4951317696613081,109,Formal volunteer flag,Volunteer rate,AB,,
149,Education,Diplôme d'études secondaires,2018,fv1fvol,0.3123324315822212,11.806177721180127,0.24005969660626816,0.3846051665581742,303,Formal volunteer flag,Volunteer rate,AB,,
150,Education,Diplôme post-secondaire,2018,fv1fvol,0.483961049264001,6.3788124355718665,0.4234550646122965,0.5444670339157054,488,Formal volunteer flag,Volunteer rate,AB,,
151,Education,Diplôme universtaire,2018,fv1fvol,0.5527628673952372,6.367684974129821,0.4837756668971257,0.6217500678933486,395,Formal volunteer flag,Volunteer rate,AB,,
152,Education,Sans diplôme d'études secondaires,2018,fv1fvol,0.3142971417124144,10.471599449943923,0.2497909290360072,0.3788033543888216,419,Formal volunteer flag,Volunteer rate,AT,,
153,Education,Diplôme d'études secondaires,2018,fv1fvol,0.3758981277195471,6.108070378876289,0.3308971151386914,0.4208991403004027,891,Formal volunteer flag,Volunteer rate,AT,,
154,Education,Diplôme post-secondaire,2018,fv1fvol,0.4276864692134858,4.318995245564915,0.3914824882706963,0.4638904501562753,1321,Formal volunteer flag,Volunteer rate,AT,,
155,Education,Diplôme universtaire,2018,fv1fvol,0.6255997229740837,3.4248165521255527,0.5836062346180287,0.6675932113301387,954,Formal volunteer flag,Volunteer rate,AT,,
156,Education,Sans diplôme d'études secondaires,2018,fv1fvol,0.3672066123868307,12.731525680638235,0.2755763279979675,0.458836896775694,178,Formal volunteer flag,Volunteer rate,BC,,
157,Education,Diplôme d'études secondaires,2018,fv1fvol,0.3379949141145508,8.820478485788232,0.2795629612173637,0.39642686701173785,457,Formal volunteer flag,Volunteer rate,BC,,
158,Education,Diplôme post-secondaire,2018,fv1fvol,0.4189528403507394,6.021416162300513,0.36950903658799017,0.4683966441134886,682,Formal volunteer flag,Volunteer rate,BC,,
159,Education,Diplôme universtaire,2018,fv1fvol,0.5516281515112517,4.805150346812741,0.4996762445677741,0.6035800584547292,714,Formal volunteer flag,Volunteer rate,BC,,
160,Education,Sans diplôme d'études secondaires,2018,fv1fvol,0.41268472925952937,7.1767665998510175,0.35463565311264666,0.4707338054064121,377,Formal volunteer flag,Volunteer rate,ON,,
161,Education,Diplôme d'études secondaires,2018,fv1fvol,0.33112594112041405,6.654004046008687,0.2879417929555599,0.3743100892852682,888,Formal volunteer flag,Volunteer rate,ON,,
162,Education,Diplôme post-secondaire,2018,fv1fvol,0.3674898672395929,4.586513332322408,0.3344547296376326,0.4005250048415535,1331,Formal volunteer flag,Volunteer rate,ON,,
163,Education,Diplôme universtaire,2018,fv1fvol,0.4998702335322719,3.8351652587842886,0.4622960588897856,0.5374444081747581,1471,Formal volunteer flag,Volunteer rate,ON,,
164,Education,Sans diplôme d'études secondaires,2018,fv1fvol,0.4642286087984177,9.439787027625693,0.3783386907707328,0.5501185268261025,235,Formal volunteer flag,Volunteer rate,PR,,
165,Education,Diplôme d'études secondaires,2018,fv1fvol,0.4636643040883433,6.393290374174308,0.4055642972785661,0.5217643108981204,569,Formal volunteer flag,Volunteer rate,PR,,
166,Education,Diplôme post-secondaire,2018,fv1fvol,0.4970778938576218,4.97432376784235,0.4486153073004403,0.5455404804148033,643,Formal volunteer flag,Volunteer rate,PR,,
167,Education,Diplôme universtaire,2018,fv1fvol,0.6303868878041669,4.517875667927248,0.5745669257248168,0.6862068498835169,458,Formal volunteer flag,Volunteer rate,PR,,
168,Education,Sans diplôme d'études secondaires,2018,fv1fvol,0.2327767394255525,12.963253187181904,0.17363396754633648,0.2919195113047686,250,Formal volunteer flag,Volunteer rate,QC,,
169,Education,Diplôme d'études secondaires,2018,fv1fvol,0.27050927447326983,11.774437925902856,0.20808256625069751,0.3329359826958421,394,Formal volunteer flag,Volunteer rate,QC,,
170,Education,Diplôme post-secondaire,2018,fv1fvol,0.3057816893164709,7.115268054271701,0.2631383866742981,0.3484249919586436,677,Formal volunteer flag,Volunteer rate,QC,,
171,Education,Diplôme universtaire,2018,fv1fvol,0.4501612204139288,5.915283261563598,0.39797068925526535,0.5023517515725923,552,Formal volunteer flag,Volunteer rate,QC,,
172,Marital status (original),Marié.e,2018,fv1fvol,0.4791245128222175,4.4782158651743345,0.437071074881806,0.5211779507626291,786,Formal volunteer flag,Volunteer rate,AB,,
173,Marital status (original),Union de fait,2018,fv1fvol,0.34904314661465075,16.1310919331901,0.2386884115469248,0.4593978816823767,95,Formal volunteer flag,Volunteer rate,AB,,
174,Marital status (original),Veuf.ve,2018,fv1fvol,0.5241500630777698,14.116000872959374,0.3791342339664623,0.6691658921890773,81,Formal volunteer flag,Volunteer rate,AB,,
175,Marital status (original),Séparé.e,2018,fv1fvol,0.6210983597481602,14.695203573906872,0.4422091769552665,0.7999875425410539,39,Formal volunteer flag,Volunteer rate,AB,,
176,Marital status (original),divorcé.e,2018,fv1fvol,0.43429780130767337,13.421354174371274,0.32005415427345196,0.5485414483418947,134,Formal volunteer flag,Volunteer rate,AB,,
177,Marital status (original),"Célibataire, jamais marié.e",2018,fv1fvol,0.4306738497593834,10.459948490778617,0.3423808770110434,0.5189668225077233,277,Formal volunteer flag,Volunteer rate,AB,,
178,Marital status (original),Marié.e,2018,fv1fvol,0.4924271418031611,2.7334783957253586,0.4660452630949618,0.5188090205113604,2098,Formal volunteer flag,Volunteer rate,AT,,
179,Marital status (original),Union de fait,2018,fv1fvol,0.3807242687405432,8.993911462330269,0.31361117483564155,0.4478373626454449,343,Formal volunteer flag,Volunteer rate,AT,,
180,Marital status (original),Veuf.ve,2018,fv1fvol,0.3115589067314636,9.427991505425334,0.2539874200088462,0.36913039345408094,410,Formal volunteer flag,Volunteer rate,AT,,
181,Marital status (original),Séparé.e,2018,fv1fvol,0.3466128349033161,14.258265079320346,0.2497495002955813,0.4434761695110507,139,Formal volunteer flag,Volunteer rate,AT,,
182,Marital status (original),divorcé.e,2018,fv1fvol,0.383669334951261,9.391363399346734,0.31304834091807,0.45429032898445204,310,Formal volunteer flag,Volunteer rate,AT,,
183,Marital status (original),"Célibataire, jamais marié.e",2018,fv1fvol,0.4217678266687566,6.7104501756062085,0.3662959070609528,0.4772397462765604,748,Formal volunteer flag,Volunteer rate,AT,,
184,Marital status (original),Marié.e,2018,fv1fvol,0.4776052188107591,4.341005145564681,0.436969545951346,0.5182408916701723,1094,Formal volunteer flag,Volunteer rate,BC,,
185,Marital status (original),Union de fait,2018,fv1fvol,0.43000342317335255,10.073394119867043,0.34510574170830216,0.5149011046384029,181,Formal volunteer flag,Volunteer rate,BC,,
186,Marital status (original),Veuf.ve,2018,fv1fvol,0.31318654258458273,13.45610497558881,0.2305883488920513,0.3957847362771141,189,Formal volunteer flag,Volunteer rate,BC,,
187,Marital status (original),Séparé.e,2018,fv1fvol,0.3515469088344337,23.982891059392056,0.1863001654878089,0.5167936521810585,55,Formal volunteer flag,Volunteer rate,BC,,*
188,Marital status (original),divorcé.e,2018,fv1fvol,0.4112330043095425,10.43908298495152,0.32709379943607725,0.4953722091830077,210,Formal volunteer flag,Volunteer rate,BC,,
189,Marital status (original),"Célibataire, jamais marié.e",2018,fv1fvol,0.4028005710401508,8.28277247550831,0.33741018516048,0.4681909569198216,448,Formal volunteer flag,Volunteer rate,BC,,
190,Marital status (original),Marié.e,2018,fv1fvol,0.4214749040556072,3.0240969051645226,0.3964935764238019,0.4464562316874125,2304,Formal volunteer flag,Volunteer rate,ON,,
191,Marital status (original),Union de fait,2018,fv1fvol,0.3932727253123097,9.957712775059175,0.31651863763047433,0.4700268129941451,282,Formal volunteer flag,Volunteer rate,ON,,
192,Marital status (original),Veuf.ve,2018,fv1fvol,0.30953410646700463,8.485464500511055,0.2580548552540941,0.3610133576799152,362,Formal volunteer flag,Volunteer rate,ON,,
193,Marital status (original),Séparé.e,2018,fv1fvol,0.39587640462474943,11.62821687552174,0.3056526634356145,0.4861001458138844,158,Formal volunteer flag,Volunteer rate,ON,,
194,Marital status (original),divorcé.e,2018,fv1fvol,0.3935031631724473,8.173879335556007,0.3304619530617118,0.4565443732831831,352,Formal volunteer flag,Volunteer rate,ON,,
195,Marital status (original),"Célibataire, jamais marié.e",2018,fv1fvol,0.4305572179667354,5.511336764379351,0.3840483344329288,0.4770661015005421,888,Formal volunteer flag,Volunteer rate,ON,,
196,Marital status (original),Marié.e,2018,fv1fvol,0.5288907073240645,3.3880259023461456,0.4937702025313279,0.5640112121168012,1088,Formal volunteer flag,Volunteer rate,PR,,
197,Marital status (original),Union de fait,2018,fv1fvol,0.4685369932162442,10.13326904571402,0.3754815995238113,0.5615923869086772,143,Formal volunteer flag,Volunteer rate,PR,,
198,Marital status (original),Veuf.ve,2018,fv1fvol,0.3530848077576281,10.005437203171518,0.2838438298205343,0.4223257856947219,215,Formal volunteer flag,Volunteer rate,PR,,
199,Marital status (original),Séparé.e,2018,fv1fvol,0.3795613345203686,23.92689064271932,0.20156284349635367,0.5575598255443835,66,Formal volunteer flag,Volunteer rate,PR,,*
200,Marital status (original),divorcé.e,2018,fv1fvol,0.4398492781019529,11.413637522695351,0.3414535937714181,0.5382449624324875,180,Formal volunteer flag,Volunteer rate,PR,,
201,Marital status (original),"Célibataire, jamais marié.e",2018,fv1fvol,0.5594166473463579,5.684101451461905,0.4970940854068957,0.6217392092858199,461,Formal volunteer flag,Volunteer rate,PR,,
202,Marital status (original),Marié.e,2018,fv1fvol,0.28524394911583456,6.553357778664941,0.2486062315608581,0.32188166667081103,713,Formal volunteer flag,Volunteer rate,QC,,
203,Marital status (original),Union de fait,2018,fv1fvol,0.3516049664909249,7.480387005689197,0.3000551457878832,0.4031547871939665,443,Formal volunteer flag,Volunteer rate,QC,,
204,Marital status (original),Veuf.ve,2018,fv1fvol,0.19873558459523327,16.440516802476992,0.13469737326537173,0.2627737959250948,164,Formal volunteer flag,Volunteer rate,QC,,
205,Marital status (original),Séparé.e,2018,fv1fvol,0.258198885711763,24.64213714873704,0.13349475909559774,0.3829030123279283,60,Formal volunteer flag,Volunteer rate,QC,,*
206,Marital status (original),divorcé.e,2018,fv1fvol,0.3799445816701816,11.24729196001215,0.2961885070180722,0.46370065632229107,194,Formal volunteer flag,Volunteer rate,QC,,
207,Marital status (original),"Célibataire, jamais marié.e",2018,fv1fvol,0.3791232630885009,8.446866126036056,0.31635730885677177,0.4418892173202301,439,Formal volunteer flag,Volunteer rate,QC,,
208,Labour force status,Employé.e,2018,fv1fvol,0.4277629353870291,5.167563616395138,0.3844380847515267,0.4710877860225314,831,Formal volunteer flag,Volunteer rate,AB,,
209,Labour force status,Au chômage,2018,fv1fvol,0.4946909466462226,19.653726314750763,0.3041330469316017,0.6852488463608436,44,Formal volunteer flag,Volunteer rate,AB,,*
210,Labour force status,Pas dans la population active,2018,fv1fvol,0.4766467027807863,6.884430465166488,0.4123316394046787,0.5409617661568937,416,Formal volunteer flag,Volunteer rate,AB,,
211,Labour force status,Unable to determine,2018,fv1fvol,0.6056299981735512,9.759058302477806,0.4897887089701967,0.7214712873769058,121,Formal volunteer flag,Volunteer rate,AB,,
212,Labour force status,Employé.e,2018,fv1fvol,0.4425188643396885,3.282126812497995,0.41405228804748495,0.470985440631892,1999,Formal volunteer flag,Volunteer rate,AT,,
213,Labour force status,Au chômage,2018,fv1fvol,0.4724640049943042,20.60631095715748,0.2816470033875754,0.663281006601033,65,Formal volunteer flag,Volunteer rate,AT,,*
214,Labour force status,Pas dans la population active,2018,fv1fvol,0.4128262895392843,4.006352996224482,0.3804098995054912,0.4452426795730774,1550,Formal volunteer flag,Volunteer rate,AT,,
215,Labour force status,Unable to determine,2018,fv1fvol,0.5366593086786611,6.356829744973466,0.46979608094476,0.6035225364125623,434,Formal volunteer flag,Volunteer rate,AT,,
216,Labour force status,Employé.e,2018,fv1fvol,0.44481941153209065,4.148687862671316,0.4086499050508787,0.4809889180133026,1196,Formal volunteer flag,Volunteer rate,BC,,
217,Labour force status,Au chômage,2018,fv1fvol,0.4224795348323112,23.632038614405452,0.22679569808812225,0.6181633715765003,40,Formal volunteer flag,Volunteer rate,BC,,*
218,Labour force status,Pas dans la population active,2018,fv1fvol,0.41931362064712135,5.8943402142872765,0.370871598920052,0.4677556423741907,780,Formal volunteer flag,Volunteer rate,BC,,
219,Labour force status,Unable to determine,2018,fv1fvol,0.4764803723876183,12.825493770576065,0.3567050907889281,0.5962556539863084,161,Formal volunteer flag,Volunteer rate,BC,,
220,Labour force status,Employé.e,2018,fv1fvol,0.40802696481692574,3.3252575538479325,0.3814342764329443,0.4346196532009072,2358,Formal volunteer flag,Volunteer rate,ON,,
221,Labour force status,Au chômage,2018,fv1fvol,0.3964793115271727,16.660988675313643,0.2670092391545837,0.5259493838997616,118,Formal volunteer flag,Volunteer rate,ON,,*
222,Labour force status,Pas dans la population active,2018,fv1fvol,0.4049853726911226,4.134354452692703,0.3721686553714104,0.4378020900108349,1578,Formal volunteer flag,Volunteer rate,ON,,
223,Labour force status,Unable to determine,2018,fv1fvol,0.5557805493744935,7.021923902284139,0.4792900399394652,0.6322710588095218,292,Formal volunteer flag,Volunteer rate,ON,,
224,Labour force status,Employé.e,2018,fv1fvol,0.5424213039303385,3.2621196471026312,0.5077408546293024,0.5771017532313746,1160,Formal volunteer flag,Volunteer rate,PR,,
225,Labour force status,Au chômage,2018,fv1fvol,0.319552260569833,33.23650843835129,0.11138837816380867,0.5277161429758573,29,Formal volunteer flag,Volunteer rate,PR,,*
226,Labour force status,Pas dans la population active,2018,fv1fvol,0.4454856400767159,5.792361375897071,0.39491045864871577,0.4960608215047161,738,Formal volunteer flag,Volunteer rate,PR,,
227,Labour force status,Unable to determine,2018,fv1fvol,0.5765575407893706,7.905571478527741,0.4872220521162906,0.6658930294624505,226,Formal volunteer flag,Volunteer rate,PR,,
228,Labour force status,Employé.e,2018,fv1fvol,0.3341808689161259,5.697061908887579,0.2968661122561077,0.3714956255761442,1043,Formal volunteer flag,Volunteer rate,QC,,
229,Labour force status,Au chômage,2018,fv1fvol,0.3623841035976718,22.779797197004235,0.20058836349448195,0.5241798437008617,52,Formal volunteer flag,Volunteer rate,QC,,*
230,Labour force status,Pas dans la population active,2018,fv1fvol,0.2972940363540986,6.912124528276203,0.2570180817922638,0.3375699909159334,762,Formal volunteer flag,Volunteer rate,QC,,
231,Labour force status,Unable to determine,2018,fv1fvol,0.3536721049776417,14.002598214670055,0.2566082522210128,0.4507359577342706,156,Formal volunteer flag,Volunteer rate,QC,,
232,Personal income category,"Moins de 25,000 $",2018,fv1fvol,0.4553278823926502,8.144144182615051,0.38264740181649504,0.5280083629688054,326,Formal volunteer flag,Volunteer rate,AB,,
233,Personal income category,"25,000 $ à 49,999 $",2018,fv1fvol,0.4177595928359325,8.290794094997327,0.3498750884504647,0.4856440972214002,369,Formal volunteer flag,Volunteer rate,AB,,
234,Personal income category,"50,000 $ a 74,999 $",2018,fv1fvol,0.4191074951351981,8.695456540684582,0.34767991986523683,0.4905350704051594,303,Formal volunteer flag,Volunteer rate,AB,,
235,Personal income category,"75,000 $ à 99,999 $",2018,fv1fvol,0.504306396708262,10.410365878746422,0.4014080110723742,0.6072047823441499,159,Formal volunteer flag,Volunteer rate,AB,,
236,Personal income category,"100,000 $ à 124,999 $",2018,fv1fvol,0.6050576423204189,9.095007095155,0.4972007546747718,0.7129145299660662,115,Formal volunteer flag,Volunteer rate,AB,,
237,Personal income category,"125,000 $ et plus",2018,fv1fvol,0.5294340788556765,9.449420915985923,0.4313801096693371,0.6274880480420159,140,Formal volunteer flag,Volunteer rate,AB,,
238,Personal income category,"Moins de 25,000 $",2018,fv1fvol,0.4137722698477747,4.842129798942634,0.3745036262905759,0.4530409134049735,1219,Formal volunteer flag,Volunteer rate,AT,,
239,Personal income category,"25,000 $ à 49,999 $",2018,fv1fvol,0.4138195859398605,4.526059692571595,0.3771100064001805,0.4505291654795405,1313,Formal volunteer flag,Volunteer rate,AT,,
240,Personal income category,"50,000 $ a 74,999 $",2018,fv1fvol,0.4776725477078017,4.695525246589155,0.433712054762674,0.5216330406529294,778,Formal volunteer flag,Volunteer rate,AT,,
241,Personal income category,"75,000 $ à 99,999 $",2018,fv1fvol,0.5392065599610095,5.905444176118218,0.4767963236955886,0.6016167962264305,458,Formal volunteer flag,Volunteer rate,AT,,
242,Personal income category,"100,000 $ à 124,999 $",2018,fv1fvol,0.5963139488298184,9.188507795625725,0.4889229089993599,0.7037049886602769,129,Formal volunteer flag,Volunteer rate,AT,,
243,Personal income category,"125,000 $ et plus",2018,fv1fvol,0.5637024553286777,9.391399055651076,0.4599428497206327,0.6674620609367227,151,Formal volunteer flag,Volunteer rate,AT,,
244,Personal income category,"Moins de 25,000 $",2018,fv1fvol,0.4204928822326724,6.450767243152118,0.3673288256232107,0.4736569388421341,616,Formal volunteer flag,Volunteer rate,BC,,
245,Personal income category,"25,000 $ à 49,999 $",2018,fv1fvol,0.37674382606547857,6.924428887405554,0.3256135432994413,0.42787410883151583,607,Formal volunteer flag,Volunteer rate,BC,,
246,Personal income category,"50,000 $ a 74,999 $",2018,fv1fvol,0.4806494111949776,6.992109402404536,0.41477985754710295,0.5465189648428522,470,Formal volunteer flag,Volunteer rate,BC,,
247,Personal income category,"75,000 $ à 99,999 $",2018,fv1fvol,0.487247770930841,8.694736040818848,0.4042140779299397,0.5702814639317423,226,Formal volunteer flag,Volunteer rate,BC,,
248,Personal income category,"100,000 $ à 124,999 $",2018,fv1fvol,0.6839222061958816,9.183484176202784,0.5608210085871109,0.8070234038046522,103,Formal volunteer flag,Volunteer rate,BC,,
249,Personal income category,"125,000 $ et plus",2018,fv1fvol,0.5336215380564945,9.639831467595783,0.43280056549042784,0.6344425106225611,155,Formal volunteer flag,Volunteer rate,BC,,
250,Personal income category,"Moins de 25,000 $",2018,fv1fvol,0.4197431918255503,4.420889519607418,0.38337334989991534,0.4561130337511852,1205,Formal volunteer flag,Volunteer rate,ON,,
251,Personal income category,"25,000 $ à 49,999 $",2018,fv1fvol,0.3646421611949205,4.7465879778412665,0.3307189850212771,0.3985653373685639,1181,Formal volunteer flag,Volunteer rate,ON,,
252,Personal income category,"50,000 $ a 74,999 $",2018,fv1fvol,0.4197969903824251,5.229911351240839,0.37676596061595596,0.4628280201488941,870,Formal volunteer flag,Volunteer rate,ON,,
253,Personal income category,"75,000 $ à 99,999 $",2018,fv1fvol,0.4408149678530418,6.050179530394553,0.3885425383630086,0.493087397343075,527,Formal volunteer flag,Volunteer rate,ON,,
254,Personal income category,"100,000 $ à 124,999 $",2018,fv1fvol,0.4738555877987096,8.262024902475892,0.39712286714158973,0.5505883084558294,264,Formal volunteer flag,Volunteer rate,ON,,
255,Personal income category,"125,000 $ et plus",2018,fv1fvol,0.5755030811135818,6.23929042093625,0.5051260494520761,0.6458801127750876,299,Formal volunteer flag,Volunteer rate,ON,,
256,Personal income category,"Moins de 25,000 $",2018,fv1fvol,0.5314874640313016,4.650709024237144,0.4830412007724258,0.5799337272901774,595,Formal volunteer flag,Volunteer rate,PR,,
257,Personal income category,"25,000 $ à 49,999 $",2018,fv1fvol,0.4658331441998108,5.245868824384421,0.417937512766404,0.5137287756332176,686,Formal volunteer flag,Volunteer rate,PR,,
258,Personal income category,"50,000 $ a 74,999 $",2018,fv1fvol,0.5035442968738613,6.0801089525899235,0.4435379574507032,0.5635506362970193,420,Formal volunteer flag,Volunteer rate,PR,,
259,Personal income category,"75,000 $ à 99,999 $",2018,fv1fvol,0.5867755355827096,6.980540817823245,0.5064952034698684,0.6670558676955507,262,Formal volunteer flag,Volunteer rate,PR,,
260,Personal income category,"100,000 $ à 124,999 $",2018,fv1fvol,0.6478355924241809,9.868863537836923,0.5225272343278532,0.7731439505205085,87,Formal volunteer flag,Volunteer rate,PR,,
261,Personal income category,"125,000 $ et plus",2018,fv1fvol,0.4632189999450181,13.258628596541149,0.34284489777704685,0.5835931021129893,103,Formal volunteer flag,Volunteer rate,PR,,
262,Personal income category,"Moins de 25,000 $",2018,fv1fvol,0.3422664596473295,7.483021451219113,0.2920681117830549,0.3924648075116041,566,Formal volunteer flag,Volunteer rate,QC,,
263,Personal income category,"25,000 $ à 49,999 $",2018,fv1fvol,0.2756801482241629,7.549040125169357,0.2348909359364091,0.3164693605119166,681,Formal volunteer flag,Volunteer rate,QC,,
264,Personal income category,"50,000 $ a 74,999 $",2018,fv1fvol,0.336985438052515,7.645363657169037,0.286489392013056,0.38748148409197397,429,Formal volunteer flag,Volunteer rate,QC,,
265,Personal income category,"75,000 $ à 99,999 $",2018,fv1fvol,0.3846416452511824,11.843346418371748,0.29535657858319503,0.4739267119191698,181,Formal volunteer flag,Volunteer rate,QC,,
266,Personal income category,"100,000 $ à 124,999 $",2018,fv1fvol,0.3655472476279045,16.588408907926063,0.2466980260615265,0.4843964691942824,77,Formal volunteer flag,Volunteer rate,QC,,*
267,Personal income category,"125,000 $ et plus",2018,fv1fvol,0.4029877379659284,18.45673504955729,0.25720879374345285,0.548766682188404,79,Formal volunteer flag,Volunteer rate,QC,,*
268,Frequency of religious attendance,Au moins 1 fois par semaine,2018,fv1fvol,0.6645957716103295,7.7541312193724945,0.5635917163278826,0.7655998268927763,214,Formal volunteer flag,Volunteer rate,AB,,
269,Frequency of religious attendance,Au moins 1 fois par mois,2018,fv1fvol,0.4510008948613776,15.049014108112182,0.3179758102144554,0.5840259795082998,109,Formal volunteer flag,Volunteer rate,AB,,
270,Frequency of religious attendance,Au moins 3 fois par mois,2018,fv1fvol,0.5356187045104505,14.3812774771095,0.3846450069932516,0.6865924020276493,93,Formal volunteer flag,Volunteer rate,AB,,
271,Frequency of religious attendance,1 ou 2 fois par an,2018,fv1fvol,0.4563701195976216,11.302536640084044,0.35527243336091024,0.5574678058343331,166,Formal volunteer flag,Volunteer rate,AB,,
272,Frequency of religious attendance,Pas du tout,2018,fv1fvol,0.3566822630167879,6.5619942661510295,0.31080838546636536,0.4025561405672105,706,Formal volunteer flag,Volunteer rate,AB,,
273,Frequency of religious attendance,Au moins 1 fois par semaine,2018,fv1fvol,0.6145072979240335,4.310146593616668,0.5625953677122243,0.6664192281358426,674,Formal volunteer flag,Volunteer rate,AT,,
274,Frequency of religious attendance,Au moins 1 fois par mois,2018,fv1fvol,0.5694066110029716,6.390948989141045,0.4980825689650709,0.6407306530408724,323,Formal volunteer flag,Volunteer rate,AT,,
275,Frequency of religious attendance,Au moins 3 fois par mois,2018,fv1fvol,0.5312371155668337,6.156862336864352,0.4671315192838078,0.5953427118498598,357,Formal volunteer flag,Volunteer rate,AT,,
276,Frequency of religious attendance,1 ou 2 fois par an,2018,fv1fvol,0.5089818719664486,5.976244931526608,0.44936368096629214,0.5686000629666051,590,Formal volunteer flag,Volunteer rate,AT,,
277,Frequency of religious attendance,Pas du tout,2018,fv1fvol,0.3181953282650681,4.780456997640901,0.28838194206412315,0.348008714466013,1773,Formal volunteer flag,Volunteer rate,AT,,
278,Frequency of religious attendance,Au moins 1 fois par semaine,2018,fv1fvol,0.6284504236725444,7.014389302913046,0.5420513710918743,0.7148494762532146,279,Formal volunteer flag,Volunteer rate,BC,,
279,Frequency of religious attendance,Au moins 1 fois par mois,2018,fv1fvol,0.5747066970089685,12.607368954771392,0.4326967348718847,0.7167166591460523,110,Formal volunteer flag,Volunteer rate,BC,,
280,Frequency of religious attendance,Au moins 3 fois par mois,2018,fv1fvol,0.4714584931447738,17.055457414629764,0.3138589601755041,0.6290580261140435,122,Formal volunteer flag,Volunteer rate,BC,,*
281,Frequency of religious attendance,1 ou 2 fois par an,2018,fv1fvol,0.4983559017201446,9.54960976620035,0.4050791697657172,0.5916326336745721,214,Formal volunteer flag,Volunteer rate,BC,,
282,Frequency of religious attendance,Pas du tout,2018,fv1fvol,0.3622516144893789,4.668827185053905,0.3291029359783877,0.3954002930003701,1283,Formal volunteer flag,Volunteer rate,BC,,
283,Frequency of religious attendance,Au moins 1 fois par semaine,2018,fv1fvol,0.6208798373805915,4.070011525367614,0.5713517808444317,0.6704078939167513,701,Formal volunteer flag,Volunteer rate,ON,,
284,Frequency of religious attendance,Au moins 1 fois par mois,2018,fv1fvol,0.4979041297057311,7.447132042493436,0.4252294922947282,0.5705787671167339,382,Formal volunteer flag,Volunteer rate,ON,,
285,Frequency of religious attendance,Au moins 3 fois par mois,2018,fv1fvol,0.3842614747363351,8.388157843374392,0.3210870159001349,0.4474359335725354,394,Formal volunteer flag,Volunteer rate,ON,,
286,Frequency of religious attendance,1 ou 2 fois par an,2018,fv1fvol,0.38267668100554997,7.3340206062975195,0.3276691419852943,0.4376842200258057,573,Formal volunteer flag,Volunteer rate,ON,,
287,Frequency of religious attendance,Pas du tout,2018,fv1fvol,0.3337882987143591,4.221165069105116,0.3061728862259906,0.3614037112027276,1978,Formal volunteer flag,Volunteer rate,ON,,
288,Frequency of religious attendance,Au moins 1 fois par semaine,2018,fv1fvol,0.7159497344653792,4.167823329876319,0.6574653498254771,0.7744341191052815,352,Formal volunteer flag,Volunteer rate,PR,,
289,Frequency of religious attendance,Au moins 1 fois par mois,2018,fv1fvol,0.6561756194555308,6.836460824521463,0.5682532243181502,0.7440980145929115,182,Formal volunteer flag,Volunteer rate,PR,,
290,Frequency of religious attendance,Au moins 3 fois par mois,2018,fv1fvol,0.5640860800210937,8.91013930610243,0.4655766133379479,0.6625955467042396,159,Formal volunteer flag,Volunteer rate,PR,,
291,Frequency of religious attendance,1 ou 2 fois par an,2018,fv1fvol,0.5555157470243262,6.863440384683203,0.480787235639389,0.6302442584092633,262,Formal volunteer flag,Volunteer rate,PR,,
292,Frequency of religious attendance,Pas du tout,2018,fv1fvol,0.3861276540890198,5.214667339207099,0.3466632448458897,0.4255920633321499,1009,Formal volunteer flag,Volunteer rate,PR,,
293,Frequency of religious attendance,Au moins 1 fois par semaine,2018,fv1fvol,0.4175161585903915,11.786905038673654,0.3210619540486344,0.5139703631321486,163,Formal volunteer flag,Volunteer rate,QC,,
294,Frequency of religious attendance,Au moins 1 fois par mois,2018,fv1fvol,0.437509917044921,14.159489591233301,0.3160917726902193,0.5589280613996227,102,Formal volunteer flag,Volunteer rate,QC,,
295,Frequency of religious attendance,Au moins 3 fois par mois,2018,fv1fvol,0.3683795646005539,11.84463550308118,0.2828600313491669,0.45389909785194105,172,Formal volunteer flag,Volunteer rate,QC,,
296,Frequency of religious attendance,1 ou 2 fois par an,2018,fv1fvol,0.35764553814287825,9.150817001942672,0.29350083896474405,0.4217902373210125,359,Formal volunteer flag,Volunteer rate,QC,,
297,Frequency of religious attendance,Pas du tout,2018,fv1fvol,0.2871101187865553,6.199193538607347,0.2522256764204411,0.3219945611526696,1071,Formal volunteer flag,Volunteer rate,QC,,
298,Immigration status,Né.e au Canada,2018,fv1fvol,0.4674883129766595,4.327398375692098,0.4278380815142427,0.5071385444390764,1039,Formal volunteer flag,Volunteer rate,AB,,
299,Immigration status,Naturalisé.e,2018,fv1fvol,0.3823907414731972,10.427291863014396,0.3042411001232957,0.4605403828230986,244,Formal volunteer flag,Volunteer rate,AB,,
300,Immigration status,Non canadien.ne,2018,fv1fvol,0.33106172732391925,40.28869360063251,0.06964085897902123,0.5924825956688173,23,Formal volunteer flag,Volunteer rate,AB,,...
301,Immigration status,Unknown,2018,fv1fvol,0.6314976058894038,9.968874897053043,0.5081115888124448,0.7548836229663631,106,Formal volunteer flag,Volunteer rate,AB,,
302,Immigration status,Né.e au Canada,2018,fv1fvol,0.43240477520650544,2.573107742395229,0.4105977440545059,0.454211806358505,3527,Formal volunteer flag,Volunteer rate,AT,,
303,Immigration status,Naturalisé.e,2018,fv1fvol,0.35535161362439244,16.59830079981445,0.2397483716364389,0.4709548556123459,114,Formal volunteer flag,Volunteer rate,AT,,*
304,Immigration status,Non canadien.ne,2018,fv1fvol,0.4710775677690648,28.59325310850318,0.20707747239431534,0.7350776631438143,30,Formal volunteer flag,Volunteer rate,AT,,*
305,Immigration status,Unknown,2018,fv1fvol,0.5746376191862389,5.837439376611422,0.5088923468890529,0.6403828914834248,377,Formal volunteer flag,Volunteer rate,AT,,
306,Immigration status,Né.e au Canada,2018,fv1fvol,0.467811603666052,3.9128606738703007,0.4319348230378333,0.5036883842942708,1417,Formal volunteer flag,Volunteer rate,BC,,
307,Immigration status,Naturalisé.e,2018,fv1fvol,0.37353479325851136,7.650670319480746,0.3175231080061897,0.42954647851083294,548,Formal volunteer flag,Volunteer rate,BC,,
308,Immigration status,Non canadien.ne,2018,fv1fvol,0.3864414676991507,20.04882896734565,0.234589359789452,0.5382935756088495,68,Formal volunteer flag,Volunteer rate,BC,,*
309,Immigration status,Unknown,2018,fv1fvol,0.5121196795206311,12.393695228488756,0.38771968296335996,0.6365196760779022,144,Formal volunteer flag,Volunteer rate,BC,,
310,Immigration status,Né.e au Canada,2018,fv1fvol,0.4388272345339879,2.9598967616808816,0.41336958944826974,0.4642848796197063,2802,Formal volunteer flag,Volunteer rate,ON,,
311,Immigration status,Naturalisé.e,2018,fv1fvol,0.3314964102551072,5.405284863867572,0.29637713802777793,0.3666156824824364,1147,Formal volunteer flag,Volunteer rate,ON,,
312,Immigration status,Non canadien.ne,2018,fv1fvol,0.4336695198399078,14.29374705276798,0.31217600889939984,0.5551630307804158,120,Formal volunteer flag,Volunteer rate,ON,,
313,Immigration status,Unknown,2018,fv1fvol,0.5790171596841639,7.1010269929609,0.4984309574877765,0.6596033618805514,277,Formal volunteer flag,Volunteer rate,ON,,
314,Immigration status,Né.e au Canada,2018,fv1fvol,0.5184787189059273,2.9805960115446557,0.4881899136878791,0.5487675241239756,1687,Formal volunteer flag,Volunteer rate,PR,,
315,Immigration status,Naturalisé.e,2018,fv1fvol,0.4944070631844191,8.206184973779273,0.41488748647059936,0.5739266398982389,227,Formal volunteer flag,Volunteer rate,PR,,
316,Immigration status,Non canadien.ne,2018,fv1fvol,0.4303502022882853,30.040350718003968,0.17696858655773084,0.6837318180188396,33,Formal volunteer flag,Volunteer rate,PR,,*
317,Immigration status,Unknown,2018,fv1fvol,0.549890669190825,8.568957514984803,0.4575373665048359,0.642243971876814,206,Formal volunteer flag,Volunteer rate,PR,,
318,Immigration status,Né.e au Canada,2018,fv1fvol,0.3324551784431226,4.403043232037259,0.3037649409840213,0.3611454159022239,1621,Formal volunteer flag,Volunteer rate,QC,,
319,Immigration status,Naturalisé.e,2018,fv1fvol,0.27134890113344634,13.477510106555812,0.19967091013194868,0.343026892134944,212,Formal volunteer flag,Volunteer rate,QC,,
320,Immigration status,Non canadien.ne,2018,fv1fvol,0.33282962961169565,29.986126295905148,0.13721990640462084,0.5284393528187705,45,Formal volunteer flag,Volunteer rate,QC,,*
321,Immigration status,Unknown,2018,fv1fvol,0.3390284473143408,15.55593961097543,0.2356617881004997,0.4423951065281818,135,Formal volunteer flag,Volunteer rate,QC,,
322,Marital status,Marié.e/union de fait,2018,fv1fvol,0.4161134612532616,1.7854599960648203,0.4015518316292612,0.4306750908772619,9570,Formal volunteer flag,Volunteer rate,CA,,
323,Marital status,Veuf.ve,2018,fv1fvol,0.2995435488192611,5.495061600122009,0.2672823406848769,0.3318047569536453,1421,Formal volunteer flag,Volunteer rate,CA,,
324,Marital status,Séparé.e/divorcé.e,2018,fv1fvol,0.38976487603657295,3.801312636795344,0.36072569393449067,0.4188040581386552,1897,Formal volunteer flag,Volunteer rate,CA,,
325,Marital status,"Célibataire, jamais marié.e",2018,fv1fvol,0.4240621035395047,3.1975816367983176,0.3974855172747439,0.4506386898042654,3261,Formal volunteer flag,Volunteer rate,CA,,
326,Marital status,Marié.e/union de fait,2018,fv1fvol,0.4480316222519105,1.7687343629278924,0.4324999087073124,0.4635633357965085,8414,Formal volunteer flag,Volunteer rate,CA (without QC),,
327,Marital status,Veuf.ve,2018,fv1fvol,0.3366207786971737,5.681428734802824,0.2991367229776427,0.3741048344167047,1257,Formal volunteer flag,Volunteer rate,CA (without QC),,
328,Marital status,Séparé.e/divorcé.e,2018,fv1fvol,0.4051942902086746,4.187997082010083,0.3719346322751193,0.4384539481422299,1643,Formal volunteer flag,Volunteer rate,CA (without QC),,
329,Marital status,"Célibataire, jamais marié.e",2018,fv1fvol,0.4363904608552229,3.481084402643312,0.4066164122461957,0.46616450946425,2822,Formal volunteer flag,Volunteer rate,CA (without QC),,
330,Marital status,Marié.e/union de fait,2018,fv1fvol,0.4637981364118025,4.369161423445995,0.4240812512851163,0.5035150215384886,881,Formal volunteer flag,Volunteer rate,AB,,
331,Marital status,Veuf.ve,2018,fv1fvol,0.5241500630777698,14.116000872959374,0.3791342339664623,0.6691658921890773,81,Formal volunteer flag,Volunteer rate,AB,,
332,Marital status,Séparé.e/divorcé.e,2018,fv1fvol,0.4730718837892647,10.921770425769584,0.3718048074409491,0.5743389601375802,173,Formal volunteer flag,Volunteer rate,AB,,
333,Marital status,"Célibataire, jamais marié.e",2018,fv1fvol,0.4306738497593834,10.459948490778617,0.3423808770110434,0.5189668225077233,277,Formal volunteer flag,Volunteer rate,AB,,
334,Marital status,Marié.e/union de fait,2018,fv1fvol,0.4734968659727568,2.571261267305021,0.4496346150826189,0.4973591168628947,2441,Formal volunteer flag,Volunteer rate,AT,,
335,Marital status,Veuf.ve,2018,fv1fvol,0.3115589067314636,9.427991505425334,0.2539874200088462,0.36913039345408094,410,Formal volunteer flag,Volunteer rate,AT,,
336,Marital status,Séparé.e/divorcé.e,2018,fv1fvol,0.36993257663612655,7.703374657598704,0.3140789099559911,0.42578624331626197,449,Formal volunteer flag,Volunteer rate,AT,,
337,Marital status,"Célibataire, jamais marié.e",2018,fv1fvol,0.4217678266687566,6.7104501756062085,0.3662959070609528,0.4772397462765604,748,Formal volunteer flag,Volunteer rate,AT,,
338,Marital status,Marié.e/union de fait,2018,fv1fvol,0.4703036008368199,3.964070145315642,0.43376366959806,0.5068435320755798,1275,Formal volunteer flag,Volunteer rate,BC,,
339,Marital status,Veuf.ve,2018,fv1fvol,0.31318654258458273,13.45610497558881,0.2305883488920513,0.3957847362771141,189,Formal volunteer flag,Volunteer rate,BC,,
340,Marital status,Séparé.e/divorcé.e,2018,fv1fvol,0.3959210091314168,9.521039196545976,0.3220386096079379,0.4698034086548956,265,Formal volunteer flag,Volunteer rate,BC,,
341,Marital status,"Célibataire, jamais marié.e",2018,fv1fvol,0.4028005710401508,8.28277247550831,0.33741018516048,0.4681909569198216,448,Formal volunteer flag,Volunteer rate,BC,,
342,Marital status,Marié.e/union de fait,2018,fv1fvol,0.4181688623978791,2.8534680681395046,0.3947819548252163,0.441555769970542,2586,Formal volunteer flag,Volunteer rate,ON,,
343,Marital status,Veuf.ve,2018,fv1fvol,0.30953410646700463,8.485464500511055,0.2580548552540941,0.3610133576799152,362,Formal volunteer flag,Volunteer rate,ON,,
344,Marital status,Séparé.e/divorcé.e,2018,fv1fvol,0.3943791118658459,6.6505420048810855,0.34297249344537495,0.4457857302863168,510,Formal volunteer flag,Volunteer rate,ON,,
345,Marital status,"Célibataire, jamais marié.e",2018,fv1fvol,0.4305572179667354,5.511336764379351,0.3840483344329288,0.4770661015005421,888,Formal volunteer flag,Volunteer rate,ON,,
346,Marital status,Marié.e/union de fait,2018,fv1fvol,0.5211181373987004,3.1835305984425717,0.4886024223916547,0.553633852405746,1231,Formal volunteer flag,Volunteer rate,PR,,
347,Marital status,Veuf.ve,2018,fv1fvol,0.3530848077576281,10.005437203171518,0.2838438298205343,0.4223257856947219,215,Formal volunteer flag,Volunteer rate,PR,,
348,Marital status,Séparé.e/divorcé.e,2018,fv1fvol,0.4170077343808454,10.62720062217339,0.3301494833073603,0.5038659854543305,246,Formal volunteer flag,Volunteer rate,PR,,
349,Marital status,"Célibataire, jamais marié.e",2018,fv1fvol,0.5594166473463579,5.684101451461905,0.4970940854068957,0.6217392092858199,461,Formal volunteer flag,Volunteer rate,PR,,
350,Marital status,Marié.e/union de fait,2018,fv1fvol,0.310256266920284,5.042248651641311,0.2795948011688409,0.34091773267172715,1156,Formal volunteer flag,Volunteer rate,QC,,
351,Marital status,Veuf.ve,2018,fv1fvol,0.19873558459523327,16.440516802476992,0.13469737326537173,0.2627737959250948,164,Formal volunteer flag,Volunteer rate,QC,,
352,Marital status,Séparé.e/divorcé.e,2018,fv1fvol,0.3394729253825815,10.10413444066339,0.2722445912318922,0.4067012595332708,254,Formal volunteer flag,Volunteer rate,QC,,
353,Marital status,"Célibataire, jamais marié.e",2018,fv1fvol,0.3791232630885009,8.446866126036056,0.31635730885677177,0.4418892173202301,439,Formal volunteer flag,Volunteer rate,QC,,
354,Marital status,Marié.e/union de fait,2018,fv1fvol,0.4882790763682323,4.465193941125644,0.4455467504409719,0.5310114022954927,689,Formal volunteer flag,Volunteer rate,10,NL,
355,Marital status,Veuf.ve,2018,fv1fvol,0.3176434372186325,20.331554515173032,0.19106533990374172,0.4442215345335232,93,Formal volunteer flag,Volunteer rate,10,NL,*
356,Marital status,Séparé.e/divorcé.e,2018,fv1fvol,0.20893858703404947,21.95968572929253,0.1190110156280344,0.2988661584400645,99,Formal volunteer flag,Volunteer rate,10,NL,*
357,Marital status,"Célibataire, jamais marié.e",2018,fv1fvol,0.4916571423554155,10.198776936822362,0.393378638403316,0.5899356463075152,218,Formal volunteer flag,Volunteer rate,10,NL,
358,Marital status,Marié.e/union de fait,2018,fv1fvol,0.5251445945206242,5.574475745459986,0.4677684950610025,0.582520693980246,426,Formal volunteer flag,Volunteer rate,11,PE,
359,Marital status,Veuf.ve,2018,fv1fvol,0.2479522797581792,21.999763735340423,0.14103836954501667,0.3548661899713418,79,Formal volunteer flag,Volunteer rate,11,PE,*
360,Marital status,Séparé.e/divorcé.e,2018,fv1fvol,0.40977258398212296,16.890349853510518,0.2741195115297991,0.5454256564344471,85,Formal volunteer flag,Volunteer rate,11,PE,*
361,Marital status,"Célibataire, jamais marié.e",2018,fv1fvol,0.4507620850327407,11.829612546052065,0.34625012549860884,0.5552740445668725,150,Formal volunteer flag,Volunteer rate,11,PE,
362,Marital status,Marié.e/union de fait,2018,fv1fvol,0.4754714716904827,4.784930792554507,0.4308803685944118,0.5200625747865536,655,Formal volunteer flag,Volunteer rate,12,NS,
363,Marital status,Veuf.ve,2018,fv1fvol,0.3277455342780493,16.87014829775744,0.2193768565774345,0.4361142119786641,111,Formal volunteer flag,Volunteer rate,12,NS,*
364,Marital status,Séparé.e/divorcé.e,2018,fv1fvol,0.4694280697038438,10.94788245854399,0.3687007513607329,0.5701553880469548,143,Formal volunteer flag,Volunteer rate,12,NS,
365,Marital status,"Célibataire, jamais marié.e",2018,fv1fvol,0.3979006781224542,12.832105872368786,0.2978268059213789,0.4979745503235295,194,Formal volunteer flag,Volunteer rate,12,NS,
366,Marital status,Marié.e/union de fait,2018,fv1fvol,0.4513772244443191,5.025587767026672,0.40691669862528296,0.4958377502633551,671,Formal volunteer flag,Volunteer rate,13,NB,
367,Marital status,Veuf.ve,2018,fv1fvol,0.30053285829034193,15.22330663066916,0.2108624704898699,0.39020324609081397,127,Formal volunteer flag,Volunteer rate,13,NB,
368,Marital status,Séparé.e/divorcé.e,2018,fv1fvol,0.3361753463643476,14.692302651395247,0.2393690025549561,0.4329816901737391,122,Formal volunteer flag,Volunteer rate,13,NB,
369,Marital status,"Célibataire, jamais marié.e",2018,fv1fvol,0.3966428267194766,12.342275900841267,0.3006932758987444,0.4925923775402088,186,Formal volunteer flag,Volunteer rate,13,NB,
370,Marital status,Marié.e/union de fait,2018,fv1fvol,0.310256266920284,5.042248651641311,0.2795948011688409,0.34091773267172715,1156,Formal volunteer flag,Volunteer rate,24,QC,
371,Marital status,Veuf.ve,2018,fv1fvol,0.19873558459523327,16.440516802476992,0.13469737326537173,0.2627737959250948,164,Formal volunteer flag,Volunteer rate,24,QC,
372,Marital status,Séparé.e/divorcé.e,2018,fv1fvol,0.3394729253825815,10.10413444066339,0.2722445912318922,0.4067012595332708,254,Formal volunteer flag,Volunteer rate,24,QC,
373,Marital status,"Célibataire, jamais marié.e",2018,fv1fvol,0.3791232630885009,8.446866126036056,0.31635730885677177,0.4418892173202301,439,Formal volunteer flag,Volunteer rate,24,QC,
374,Marital status,Marié.e/union de fait,2018,fv1fvol,0.4181688623978791,2.8534680681395046,0.3947819548252163,0.441555769970542,2586,Formal volunteer flag,Volunteer rate,35,ON,
375,Marital status,Veuf.ve,2018,fv1fvol,0.30953410646700463,8.485464500511055,0.2580548552540941,0.3610133576799152,362,Formal volunteer flag,Volunteer rate,35,ON,
376,Marital status,Séparé.e/divorcé.e,2018,fv1fvol,0.3943791118658459,6.6505420048810855,0.34297249344537495,0.4457857302863168,510,Formal volunteer flag,Volunteer rate,35,ON,
377,Marital status,"Célibataire, jamais marié.e",2018,fv1fvol,0.4305572179667354,5.511336764379351,0.3840483344329288,0.4770661015005421,888,Formal volunteer flag,Volunteer rate,35,ON,
378,Marital status,Marié.e/union de fait,2018,fv1fvol,0.4845188522557237,4.788222432120189,0.4390480006803882,0.5299897038310594,645,Formal volunteer flag,Volunteer rate,46,MB,
379,Marital status,Veuf.ve,2018,fv1fvol,0.376257108816174,13.0637935518948,0.2799181133370095,0.4725961042953386,109,Formal volunteer flag,Volunteer rate,46,MB,
380,Marital status,Séparé.e/divorcé.e,2018,fv1fvol,0.40378024962990505,15.997276073385134,0.2771786471311327,0.5303818521286774,136,Formal volunteer flag,Volunteer rate,46,MB,
381,Marital status,"Célibataire, jamais marié.e",2018,fv1fvol,0.5470154413009188,7.857320529666482,0.4627747063958613,0.6312561762059764,260,Formal volunteer flag,Volunteer rate,46,MB,
382,Marital status,Marié.e/union de fait,2018,fv1fvol,0.5604543301181433,4.123899463418467,0.5151545192276971,0.6057541410085895,586,Formal volunteer flag,Volunteer rate,47,SK,
383,Marital status,Veuf.ve,2018,fv1fvol,0.3275660387889628,16.27215895811704,0.223095908099292,0.4320361694786336,106,Formal volunteer flag,Volunteer rate,47,SK,
384,Marital status,Séparé.e/divorcé.e,2018,fv1fvol,0.4379553180749519,13.752165791811759,0.3199099380123517,0.5560006981375522,110,Formal volunteer flag,Volunteer rate,47,SK,
385,Marital status,"Célibataire, jamais marié.e",2018,fv1fvol,0.5752408794036002,7.913969033085929,0.4860147242644289,0.6644670345427716,201,Formal volunteer flag,Volunteer rate,47,SK,
386,Marital status,Marié.e/union de fait,2018,fv1fvol,0.4637981364118025,4.369161423445995,0.4240812512851163,0.5035150215384886,881,Formal volunteer flag,Volunteer rate,48,AB,
387,Marital status,Veuf.ve,2018,fv1fvol,0.5241500630777698,14.116000872959374,0.3791342339664623,0.6691658921890773,81,Formal volunteer flag,Volunteer rate,48,AB,
388,Marital status,Séparé.e/divorcé.e,2018,fv1fvol,0.4730718837892647,10.921770425769584,0.3718048074409491,0.5743389601375802,173,Formal volunteer flag,Volunteer rate,48,AB,
389,Marital status,"Célibataire, jamais marié.e",2018,fv1fvol,0.4306738497593834,10.459948490778617,0.3423808770110434,0.5189668225077233,277,Formal volunteer flag,Volunteer rate,48,AB,
390,Marital status,Marié.e/union de fait,2018,fv1fvol,0.4703036008368199,3.964070145315642,0.43376366959806,0.5068435320755798,1275,Formal volunteer flag,Volunteer rate,59,BC,
391,Marital status,Veuf.ve,2018,fv1fvol,0.31318654258458273,13.45610497558881,0.2305883488920513,0.3957847362771141,189,Formal volunteer flag,Volunteer rate,59,BC,
392,Marital status,Séparé.e/divorcé.e,2018,fv1fvol,0.3959210091314168,9.521039196545976,0.3220386096079379,0.4698034086548956,265,Formal volunteer flag,Volunteer rate,59,BC,
393,Marital status,"Célibataire, jamais marié.e",2018,fv1fvol,0.4028005710401508,8.28277247550831,0.33741018516048,0.4681909569198216,448,Formal volunteer flag,Volunteer rate,59,BC,
394,Family income category,"Moins de 25,000 $",2018,fv1fvol,0.35328506493833634,5.5054693220942506,0.31516376373441074,0.3914063661422619,1741,Formal volunteer flag,Volunteer rate,CA,,
395,Family income category,"25,000 $ à 49,999 $",2018,fv1fvol,0.3167340824341495,3.870904712681346,0.2927039939345001,0.34076417093379896,3015,Formal volunteer flag,Volunteer rate,CA,,
396,Family income category,"50,000 $ a 74,999 $",2018,fv1fvol,0.3838159162293727,3.8017723508110985,0.35521649929283466,0.4124153331659108,2722,Formal volunteer flag,Volunteer rate,CA,,
397,Family income category,"75,000 $ à 99,999 $",2018,fv1fvol,0.40346494940932537,3.487547435410744,0.3758862344520205,0.4310436643666302,2790,Formal volunteer flag,Volunteer rate,CA,,
398,Family income category,"100,000 $ à 124,999 $",2018,fv1fvol,0.4400590011447186,4.238889984415948,0.4034985837902249,0.4766194184992122,1674,Formal volunteer flag,Volunteer rate,CA,,
399,Family income category,"125,000 $ et plus",2018,fv1fvol,0.506061873327045,2.2936251065930264,0.4833122534885424,0.5288114931655477,4207,Formal volunteer flag,Volunteer rate,CA,,
400,Family income category,"Moins de 25,000 $",2018,fv1fvol,0.3901813913020201,5.816498908982331,0.3457002117876085,0.4346625708164318,1463,Formal volunteer flag,Volunteer rate,CA (without QC),,
401,Family income category,"25,000 $ à 49,999 $",2018,fv1fvol,0.3275208326245021,4.376821413279972,0.2994247451130765,0.3556169201359277,2584,Formal volunteer flag,Volunteer rate,CA (without QC),,
402,Family income category,"50,000 $ a 74,999 $",2018,fv1fvol,0.40495667075269065,3.8742250865813856,0.3742069272577785,0.4357064142476028,2349,Formal volunteer flag,Volunteer rate,CA (without QC),,
403,Family income category,"75,000 $ à 99,999 $",2018,fv1fvol,0.4345528430722295,3.819322817647955,0.4020233680751666,0.4670823180692925,2493,Formal volunteer flag,Volunteer rate,CA (without QC),,
404,Family income category,"100,000 $ à 124,999 $",2018,fv1fvol,0.4718955130529113,4.19817419152297,0.4330666751007445,0.5107243510050782,1462,Formal volunteer flag,Volunteer rate,CA (without QC),,
405,Family income category,"125,000 $ et plus",2018,fv1fvol,0.5222007691172404,2.4229460116462045,0.4974020451000876,0.5469994931343932,3785,Formal volunteer flag,Volunteer rate,CA (without QC),,
406,Family income category,"Moins de 25,000 $",2018,fv1fvol,0.4291536140349427,17.354062322399066,0.28318414845604856,0.5751230796138369,92,Formal volunteer flag,Volunteer rate,AB,,*
407,Family income category,"25,000 $ à 49,999 $",2018,fv1fvol,0.3878861753104677,12.18893093460536,0.29522068918539834,0.480551661435537,230,Formal volunteer flag,Volunteer rate,AB,,
408,Family income category,"50,000 $ a 74,999 $",2018,fv1fvol,0.3883006270996933,10.98610287263181,0.3046903150444657,0.4719109391549208,225,Formal volunteer flag,Volunteer rate,AB,,
409,Family income category,"75,000 $ à 99,999 $",2018,fv1fvol,0.440853304658524,11.209150102530453,0.34399990343896863,0.5377067058780793,214,Formal volunteer flag,Volunteer rate,AB,,
410,Family income category,"100,000 $ à 124,999 $",2018,fv1fvol,0.4707738914464264,9.847637246866606,0.3799097551650349,0.5616380277278179,160,Formal volunteer flag,Volunteer rate,AB,,
411,Family income category,"125,000 $ et plus",2018,fv1fvol,0.5283299101312755,5.50823484450908,0.4712917199211886,0.5853681003413624,491,Formal volunteer flag,Volunteer rate,AB,,
412,Family income category,"Moins de 25,000 $",2018,fv1fvol,0.3167494852419345,9.527473835498707,0.2576012524367799,0.37589771804708905,466,Formal volunteer flag,Volunteer rate,AT,,
413,Family income category,"25,000 $ à 49,999 $",2018,fv1fvol,0.3182366381495576,7.143275396420809,0.2736817187000475,0.3627915575990677,821,Formal volunteer flag,Volunteer rate,AT,,
414,Family income category,"50,000 $ a 74,999 $",2018,fv1fvol,0.4542604768315993,5.9430663107877555,0.4013473264718875,0.5071736271913112,633,Formal volunteer flag,Volunteer rate,AT,,
415,Family income category,"75,000 $ à 99,999 $",2018,fv1fvol,0.46617825791435896,5.252214166034607,0.4181891659591324,0.5141673498695857,856,Formal volunteer flag,Volunteer rate,AT,,
416,Family income category,"100,000 $ à 124,999 $",2018,fv1fvol,0.457840512391968,7.123497783601426,0.3939177398542621,0.5217632849296738,371,Formal volunteer flag,Volunteer rate,AT,,
417,Family income category,"125,000 $ et plus",2018,fv1fvol,0.5739774867151942,4.170045623182031,0.5270655075465385,0.62088946588385,901,Formal volunteer flag,Volunteer rate,AT,,
418,Family income category,"Moins de 25,000 $",2018,fv1fvol,0.3919774433041789,12.42415436868261,0.2965274272656597,0.4874274593426981,241,Formal volunteer flag,Volunteer rate,BC,,
419,Family income category,"25,000 $ à 49,999 $",2018,fv1fvol,0.3516770660015956,8.484380502560244,0.29319640459438073,0.4101577274088105,380,Formal volunteer flag,Volunteer rate,BC,,
420,Family income category,"50,000 $ a 74,999 $",2018,fv1fvol,0.3675485315087324,8.178393678022527,0.3086328650232561,0.4264641979942085,390,Formal volunteer flag,Volunteer rate,BC,,
421,Family income category,"75,000 $ à 99,999 $",2018,fv1fvol,0.40410838172913577,10.029621200487489,0.32466998319854257,0.483546780259729,317,Formal volunteer flag,Volunteer rate,BC,,
422,Family income category,"100,000 $ à 124,999 $",2018,fv1fvol,0.537280474243502,7.6614147382698246,0.4566019172966662,0.6179590311903378,242,Formal volunteer flag,Volunteer rate,BC,,
423,Family income category,"125,000 $ et plus",2018,fv1fvol,0.5358948638471676,5.413160262345718,0.4790385668914202,0.5927511608029149,607,Formal volunteer flag,Volunteer rate,BC,,
424,Family income category,"Moins de 25,000 $",2018,fv1fvol,0.3887476472536818,8.799271550751994,0.3217032354202588,0.4557920590871049,436,Formal volunteer flag,Volunteer rate,ON,,
425,Family income category,"25,000 $ à 49,999 $",2018,fv1fvol,0.3025474114569099,6.7742435998268045,0.26237736423667746,0.3427174586771423,760,Formal volunteer flag,Volunteer rate,ON,,
426,Family income category,"50,000 $ a 74,999 $",2018,fv1fvol,0.4068463581126398,6.069861647485178,0.35844502584649346,0.4552476903787862,739,Formal volunteer flag,Volunteer rate,ON,,
427,Family income category,"75,000 $ à 99,999 $",2018,fv1fvol,0.4135606710098426,6.291059819460303,0.3625676035987792,0.4645537384209061,671,Formal volunteer flag,Volunteer rate,ON,,
428,Family income category,"100,000 $ à 124,999 $",2018,fv1fvol,0.4327417597206129,7.1824943928161025,0.3718228399911069,0.4936606794501189,482,Formal volunteer flag,Volunteer rate,ON,,
429,Family income category,"125,000 $ et plus",2018,fv1fvol,0.4932247974723408,3.92892920269232,0.455243727314733,0.5312058676299485,1258,Formal volunteer flag,Volunteer rate,ON,,
430,Family income category,"Moins de 25,000 $",2018,fv1fvol,0.4438414385812418,10.919900515234044,0.34884777880873485,0.5388350983537488,228,Formal volunteer flag,Volunteer rate,PR,,
431,Family income category,"25,000 $ à 49,999 $",2018,fv1fvol,0.34469537711791143,9.075137632933322,0.2833846071582933,0.4060061470775296,393,Formal volunteer flag,Volunteer rate,PR,,
432,Family income category,"50,000 $ a 74,999 $",2018,fv1fvol,0.4680669659853658,7.173967584176173,0.4022533894199287,0.5338805425508029,362,Formal volunteer flag,Volunteer rate,PR,,
433,Family income category,"75,000 $ à 99,999 $",2018,fv1fvol,0.5330008123406951,5.733439976876164,0.4731057209097197,0.5928959037716702,435,Formal volunteer flag,Volunteer rate,PR,,
434,Family income category,"100,000 $ à 124,999 $",2018,fv1fvol,0.6075947770384983,7.026997592798617,0.5239128008440317,0.6912767532329649,207,Formal volunteer flag,Volunteer rate,PR,,
435,Family income category,"125,000 $ et plus",2018,fv1fvol,0.6067648415866805,4.396258779724084,0.5544828951611228,0.6590467880122383,528,Formal volunteer flag,Volunteer rate,PR,,
436,Family income category,"Moins de 25,000 $",2018,fv1fvol,0.26340386851726844,11.801531304300427,0.20247703568307607,0.32433070135146075,278,Formal volunteer flag,Volunteer rate,QC,,
437,Family income category,"25,000 $ à 49,999 $",2018,fv1fvol,0.28690990391987264,9.6382121784148,0.2327110486655177,0.3411087591742276,431,Formal volunteer flag,Volunteer rate,QC,,
438,Family income category,"50,000 $ a 74,999 $",2018,fv1fvol,0.31798782400122266,9.764561593411278,0.2571307130945361,0.3788449349079093,373,Formal volunteer flag,Volunteer rate,QC,,
439,Family income category,"75,000 $ à 99,999 $",2018,fv1fvol,0.2914265938810145,10.147396546980726,0.2334661231738832,0.3493870645881458,297,Formal volunteer flag,Volunteer rate,QC,,
440,Family income category,"100,000 $ à 124,999 $",2018,fv1fvol,0.34194763318939386,12.99590945593882,0.2548483922875961,0.4290468740911916,212,Formal volunteer flag,Volunteer rate,QC,,
441,Family income category,"125,000 $ et plus",2018,fv1fvol,0.4278418742105992,6.904959163094027,0.36994001706452107,0.4857437313566773,422,Formal volunteer flag,Volunteer rate,QC,,
442,Family income category,"Moins de 25,000 $",2018,fv1fvol,0.3380443027746136,17.54163289972273,0.2218213967999739,0.4542672087492532,112,Formal volunteer flag,Volunteer rate,10,NL,*
443,Family income category,"25,000 $ à 49,999 $",2018,fv1fvol,0.3299333674887117,12.368012451836279,0.2499546851941899,0.4099120497832336,199,Formal volunteer flag,Volunteer rate,10,NL,
444,Family income category,"50,000 $ a 74,999 $",2018,fv1fvol,0.4830208653971372,11.01622438216686,0.3787298836077433,0.5873118471865311,150,Formal volunteer flag,Volunteer rate,10,NL,
445,Family income category,"75,000 $ à 99,999 $",2018,fv1fvol,0.41401853418804346,10.945173136751098,0.3252026772754095,0.5028343911006774,225,Formal volunteer flag,Volunteer rate,10,NL,
446,Family income category,"100,000 $ à 124,999 $",2018,fv1fvol,0.5666603484690543,11.007956822516586,0.44440225111156506,0.6889184458265436,101,Formal volunteer flag,Volunteer rate,10,NL,
447,Family income category,"125,000 $ et plus",2018,fv1fvol,0.5860518456169609,6.43485837784324,0.5121384554968782,0.6599652357370436,312,Formal volunteer flag,Volunteer rate,10,NL,
448,Family income category,"Moins de 25,000 $",2018,fv1fvol,0.3094228082743738,21.258813061261122,0.18049712925280387,0.4383484872959437,84,Formal volunteer flag,Volunteer rate,11,PE,*
449,Family income category,"25,000 $ à 49,999 $",2018,fv1fvol,0.3408972795085684,13.720171770961551,0.2492264470828029,0.432568111934334,157,Formal volunteer flag,Volunteer rate,11,PE,
450,Family income category,"50,000 $ a 74,999 $",2018,fv1fvol,0.44673714496528266,12.59023382754416,0.3364984784184494,0.556975811512116,127,Formal volunteer flag,Volunteer rate,11,PE,
451,Family income category,"75,000 $ à 99,999 $",2018,fv1fvol,0.5570160588185792,8.857732859122287,0.4603134066189384,0.6537187110182199,182,Formal volunteer flag,Volunteer rate,11,PE,
452,Family income category,"100,000 $ à 124,999 $",2018,fv1fvol,0.4113882852831439,19.45138825743527,0.254550531339216,0.5682260392270717,58,Formal volunteer flag,Volunteer rate,11,PE,*
453,Family income category,"125,000 $ et plus",2018,fv1fvol,0.6244545123726962,8.392535409651753,0.5217375703619213,0.7271714543834712,132,Formal volunteer flag,Volunteer rate,11,PE,
454,Family income category,"Moins de 25,000 $",2018,fv1fvol,0.2927791526779048,18.583894194719196,0.18613796707332328,0.39942033828248624,128,Formal volunteer flag,Volunteer rate,12,NS,*
455,Family income category,"25,000 $ à 49,999 $",2018,fv1fvol,0.3589668951910176,11.621662928612563,0.2772012694157517,0.4407325209662835,229,Formal volunteer flag,Volunteer rate,12,NS,
456,Family income category,"50,000 $ a 74,999 $",2018,fv1fvol,0.45009092755280017,11.334957449896313,0.3500982393327253,0.550083615772875,176,Formal volunteer flag,Volunteer rate,12,NS,
457,Family income category,"75,000 $ à 99,999 $",2018,fv1fvol,0.4722798086845294,9.686135592656237,0.3826199574496049,0.5619396599194537,221,Formal volunteer flag,Volunteer rate,12,NS,
458,Family income category,"100,000 $ à 124,999 $",2018,fv1fvol,0.4493572595574341,14.036132524126408,0.3257376654400285,0.5729768536748396,104,Formal volunteer flag,Volunteer rate,12,NS,
459,Family income category,"125,000 $ et plus",2018,fv1fvol,0.5736999807356863,7.790397785741918,0.48610230962479906,0.6612976518465736,245,Formal volunteer flag,Volunteer rate,12,NS,
460,Family income category,"Moins de 25,000 $",2018,fv1fvol,0.3354242508331073,15.424707501641073,0.2340192234305899,0.4368292782356248,142,Formal volunteer flag,Volunteer rate,13,NB,
461,Family income category,"25,000 $ à 49,999 $",2018,fv1fvol,0.2569241127152848,12.966237911287427,0.1916310647683984,0.3222171606621712,236,Formal volunteer flag,Volunteer rate,13,NB,
462,Family income category,"50,000 $ a 74,999 $",2018,fv1fvol,0.4441384234698289,9.549400569982188,0.3610113389785999,0.5272655079610579,180,Formal volunteer flag,Volunteer rate,13,NB,
463,Family income category,"75,000 $ à 99,999 $",2018,fv1fvol,0.4705397904680428,8.903689205971382,0.3884263143041038,0.5526532666319818,228,Formal volunteer flag,Volunteer rate,13,NB,
464,Family income category,"100,000 $ à 124,999 $",2018,fv1fvol,0.4127890269553435,13.133811857150793,0.3065297085632681,0.5190483453474191,108,Formal volunteer flag,Volunteer rate,13,NB,
465,Family income category,"125,000 $ et plus",2018,fv1fvol,0.5543996086793757,8.144015272287229,0.465906472742711,0.6428927446160403,212,Formal volunteer flag,Volunteer rate,13,NB,
466,Family income category,"Moins de 25,000 $",2018,fv1fvol,0.26340386851726844,11.801531304300427,0.20247703568307607,0.32433070135146075,278,Formal volunteer flag,Volunteer rate,24,QC,
467,Family income category,"25,000 $ à 49,999 $",2018,fv1fvol,0.28690990391987264,9.6382121784148,0.2327110486655177,0.3411087591742276,431,Formal volunteer flag,Volunteer rate,24,QC,
468,Family income category,"50,000 $ a 74,999 $",2018,fv1fvol,0.31798782400122266,9.764561593411278,0.2571307130945361,0.3788449349079093,373,Formal volunteer flag,Volunteer rate,24,QC,
469,Family income category,"75,000 $ à 99,999 $",2018,fv1fvol,0.2914265938810145,10.147396546980726,0.2334661231738832,0.3493870645881458,297,Formal volunteer flag,Volunteer rate,24,QC,
470,Family income category,"100,000 $ à 124,999 $",2018,fv1fvol,0.34194763318939386,12.99590945593882,0.2548483922875961,0.4290468740911916,212,Formal volunteer flag,Volunteer rate,24,QC,
471,Family income category,"125,000 $ et plus",2018,fv1fvol,0.4278418742105992,6.904959163094027,0.36994001706452107,0.4857437313566773,422,Formal volunteer flag,Volunteer rate,24,QC,
472,Family income category,"Moins de 25,000 $",2018,fv1fvol,0.3887476472536818,8.799271550751994,0.3217032354202588,0.4557920590871049,436,Formal volunteer flag,Volunteer rate,35,ON,
473,Family income category,"25,000 $ à 49,999 $",2018,fv1fvol,0.3025474114569099,6.7742435998268045,0.26237736423667746,0.3427174586771423,760,Formal volunteer flag,Volunteer rate,35,ON,
474,Family income category,"50,000 $ a 74,999 $",2018,fv1fvol,0.4068463581126398,6.069861647485178,0.35844502584649346,0.4552476903787862,739,Formal volunteer flag,Volunteer rate,35,ON,
475,Family income category,"75,000 $ à 99,999 $",2018,fv1fvol,0.4135606710098426,6.291059819460303,0.3625676035987792,0.4645537384209061,671,Formal volunteer flag,Volunteer rate,35,ON,
476,Family income category,"100,000 $ à 124,999 $",2018,fv1fvol,0.4327417597206129,7.1824943928161025,0.3718228399911069,0.4936606794501189,482,Formal volunteer flag,Volunteer rate,35,ON,
477,Family income category,"125,000 $ et plus",2018,fv1fvol,0.4932247974723408,3.92892920269232,0.455243727314733,0.5312058676299485,1258,Formal volunteer flag,Volunteer rate,35,ON,
478,Family income category,"Moins de 25,000 $",2018,fv1fvol,0.4644858564470904,15.333643702408976,0.32489211326168177,0.6040795996324989,125,Formal volunteer flag,Volunteer rate,46,MB,
479,Family income category,"25,000 $ à 49,999 $",2018,fv1fvol,0.3145732114850599,11.66999346528203,0.2426216141181257,0.386524808851994,232,Formal volunteer flag,Volunteer rate,46,MB,
480,Family income category,"50,000 $ a 74,999 $",2018,fv1fvol,0.4388681710441527,10.054702144544477,0.3523810609791275,0.5253552811091778,216,Formal volunteer flag,Volunteer rate,46,MB,
481,Family income category,"75,000 $ à 99,999 $",2018,fv1fvol,0.5504314126585339,7.656902233324892,0.4678267801135382,0.6330360452035296,222,Formal volunteer flag,Volunteer rate,46,MB,
482,Family income category,"100,000 $ à 124,999 $",2018,fv1fvol,0.5934225301778733,9.513183362653699,0.4827759514862868,0.7040691088694597,129,Formal volunteer flag,Volunteer rate,46,MB,
483,Family income category,"125,000 $ et plus",2018,fv1fvol,0.5636694402465562,7.531667595629597,0.4804617004244645,0.6468771800686479,226,Formal volunteer flag,Volunteer rate,46,MB,
484,Family income category,"Moins de 25,000 $",2018,fv1fvol,0.4109617284401157,14.741147381470508,0.2922261810949929,0.5296972757852385,103,Formal volunteer flag,Volunteer rate,47,SK,
485,Family income category,"25,000 $ à 49,999 $",2018,fv1fvol,0.3892789193779964,13.639047849161162,0.28521671294249834,0.4933411258134944,161,Formal volunteer flag,Volunteer rate,47,SK,
486,Family income category,"50,000 $ a 74,999 $",2018,fv1fvol,0.5136046124890954,10.196127127362344,0.410965651264836,0.6162435737133548,146,Formal volunteer flag,Volunteer rate,47,SK,
487,Family income category,"75,000 $ à 99,999 $",2018,fv1fvol,0.5153297901751941,9.198191593436556,0.4224254953255801,0.6082340850248081,213,Formal volunteer flag,Volunteer rate,47,SK,
488,Family income category,"100,000 $ à 124,999 $",2018,fv1fvol,0.6271975226500871,10.445443745264804,0.4987932959270275,0.7556017493731467,78,Formal volunteer flag,Volunteer rate,47,SK,
489,Family income category,"125,000 $ et plus",2018,fv1fvol,0.6432574554673732,5.11126709993641,0.5788165704946993,0.7076983404400472,302,Formal volunteer flag,Volunteer rate,47,SK,
490,Family income category,"Moins de 25,000 $",2018,fv1fvol,0.4291536140349427,17.354062322399066,0.28318414845604856,0.5751230796138369,92,Formal volunteer flag,Volunteer rate,48,AB,*
491,Family income category,"25,000 $ à 49,999 $",2018,fv1fvol,0.3878861753104677,12.18893093460536,0.29522068918539834,0.480551661435537,230,Formal volunteer flag,Volunteer rate,48,AB,
492,Family income category,"50,000 $ a 74,999 $",2018,fv1fvol,0.3883006270996933,10.98610287263181,0.3046903150444657,0.4719109391549208,225,Formal volunteer flag,Volunteer rate,48,AB,
493,Family income category,"75,000 $ à 99,999 $",2018,fv1fvol,0.440853304658524,11.209150102530453,0.34399990343896863,0.5377067058780793,214,Formal volunteer flag,Volunteer rate,48,AB,
494,Family income category,"100,000 $ à 124,999 $",2018,fv1fvol,0.4707738914464264,9.847637246866606,0.3799097551650349,0.5616380277278179,160,Formal volunteer flag,Volunteer rate,48,AB,
495,Family income category,"125,000 $ et plus",2018,fv1fvol,0.5283299101312755,5.50823484450908,0.4712917199211886,0.5853681003413624,491,Formal volunteer flag,Volunteer rate,48,AB,
496,Family income category,"Moins de 25,000 $",2018,fv1fvol,0.3919774433041789,12.42415436868261,0.2965274272656597,0.4874274593426981,241,Formal volunteer flag,Volunteer rate,59,BC,
497,Family income category,"25,000 $ à 49,999 $",2018,fv1fvol,0.3516770660015956,8.484380502560244,0.29319640459438073,0.4101577274088105,380,Formal volunteer flag,Volunteer rate,59,BC,
498,Family income category,"50,000 $ a 74,999 $",2018,fv1fvol,0.3675485315087324,8.178393678022527,0.3086328650232561,0.4264641979942085,390,Formal volunteer flag,Volunteer rate,59,BC,
499,Family income category,"75,000 $ à 99,999 $",2018,fv1fvol,0.40410838172913577,10.029621200487489,0.32466998319854257,0.483546780259729,317,Formal volunteer flag,Volunteer rate,59,BC,
500,Family income category,"100,000 $ à 124,999 $",2018,fv1fvol,0.537280474243502,7.6614147382698246,0.4566019172966662,0.6179590311903378,242,Formal volunteer flag,Volunteer rate,59,BC,
501,Family income category,"125,000 $ et plus",2018,fv1fvol,0.5358948638471676,5.413160262345718,0.4790385668914202,0.5927511608029149,607,Formal volunteer flag,Volunteer rate,59,BC,
