refDate,geo,valNormP_coreEmp_All,valNormP_govtEmp_All,valNormP_coreEmp_Sports,valNormP_coreEmp_Education,valNormP_govtEmp_Education,valNormP_coreEmp_Health,valNormP_govtEmp_Health,valNormP_coreEmp_SocServ,valNormP_govtEmp_SocServ,valNormP_coreEmp_Environment,valNormP_coreEmp_DevtHousing,valNormP_coreEmp_Advocacy,valNormP_coreEmp_Fdns,valNormP_coreEmp_International,valNormP_coreEmp_Religion,valNormP_coreEmp_ProfAssoc,valNormP_coreEmp_Other,valNorm_coreEmp_All,valNorm_govtEmp_All,valNorm_coreEmp_Sports,valNorm_coreEmp_Education,valNorm_govtEmp_Education,valNorm_coreEmp_Health,valNorm_govtEmp_Health,valNorm_coreEmp_SocServ,valNorm_govtEmp_SocServ,valNorm_coreEmp_Environment,valNorm_coreEmp_DevtHousing,valNorm_coreEmp_Advocacy,valNorm_coreEmp_Fdns,valNorm_coreEmp_International,valNorm_coreEmp_Religion,valNorm_coreEmp_ProfAssoc,valNorm_coreEmp_Other
2007-01-01,CA,1,1,1,1,1,1,1,1,1,1,1,1,1,1,1,1,1,659000,1414000,63000,63000,415000,29000,885000,142000,115000,1000,18000,10000,25000,5000,77000,160000,64000
2007-01-01,NL,1,1,1,NA,1,NA,1,1,1,NA,NA,NA,NA,NA,1,1,1,7000,31000,1000,NA,9000,NA,20000,1000,3000,NA,NA,NA,NA,NA,1000,2000,1000
2007-01-01,PE,1,1,NA,NA,1,NA,1,NA,1,NA,NA,NA,NA,NA,NA,1,NA,3000,7000,NA,NA,2000,NA,5000,NA,1000,NA,NA,NA,NA,NA,NA,1000,NA
2007-01-01,NS,1,1,1,1,1,1,1,1,1,NA,NA,NA,1,NA,1,1,1,18000,48000,2000,1000,14000,2000,29000,4000,4000,NA,NA,NA,1000,NA,2000,5000,1000
2007-01-01,NB,1,1,1,NA,1,1,1,1,1,NA,NA,NA,NA,NA,1,1,1,12000,29000,1000,NA,8000,1000,18000,2000,2000,NA,NA,NA,NA,NA,2000,3000,1000
2007-01-01,QC,1,1,1,1,1,1,1,1,1,NA,1,1,1,1,1,1,1,162000,381000,16000,19000,92000,3000,256000,44000,33000,NA,4000,2000,6000,1000,14000,38000,14000
2007-01-01,ON,1,1,1,1,1,1,1,1,1,NA,1,1,1,1,1,1,1,261000,453000,23000,22000,165000,18000,255000,50000,33000,NA,6000,4000,10000,2000,31000,64000,30000
2007-01-01,MB,1,1,1,1,1,1,1,1,1,NA,1,NA,1,NA,1,1,1,28000,68000,3000,2000,13000,1000,49000,9000,6000,NA,1000,NA,1000,NA,3000,5000,2000
2007-01-01,SK,1,1,1,1,1,NA,1,1,1,NA,NA,NA,1,NA,1,1,1,17000,57000,2000,1000,14000,NA,38000,4000,5000,NA,NA,NA,1000,NA,3000,4000,2000
2007-01-01,AB,1,1,1,1,1,1,1,1,1,NA,1,1,1,NA,1,1,1,63000,165000,7000,5000,44000,2000,106000,12000,13000,NA,2000,1000,3000,NA,8000,17000,6000
2007-01-01,BC,1,1,1,1,1,1,1,1,1,NA,1,1,1,1,1,1,1,85000,173000,9000,11000,54000,3000,106000,17000,13000,NA,3000,1000,3000,1000,11000,20000,6000
2007-01-01,YT,1,NA,NA,NA,NA,NA,NA,NA,NA,NA,NA,NA,NA,NA,NA,NA,NA,1000,NA,NA,NA,NA,NA,NA,NA,NA,NA,NA,NA,NA,NA,NA,NA,NA
2007-01-01,NT,1,1,NA,NA,NA,NA,1,NA,NA,NA,NA,NA,NA,NA,NA,NA,NA,1000,2000,NA,NA,NA,NA,2000,NA,NA,NA,NA,NA,NA,NA,NA,NA,NA
2007-01-01,NU,1,NA,NA,NA,NA,NA,NA,NA,NA,NA,NA,NA,NA,NA,NA,NA,NA,1000,NA,NA,NA,NA,NA,NA,NA,NA,NA,NA,NA,NA,NA,NA,NA,NA
2008-01-01,CA,1.0212443095599393,1.0155586987270155,1,1.0317460317460319,1.0096385542168675,1.0344827586206897,1.0180790960451978,1.0211267605633803,1.017391304347826,1,1.0555555555555556,1,1.04,1,1,1.0375,1.03125,673000,1436000,63000,65000,419000,30000,901000,145000,117000,1000,19000,10000,26000,5000,77000,166000,66000
2008-01-01,NL,1,1.032258064516129,1,NA,1.1111111111111112,NA,1,1,1,NA,NA,NA,NA,NA,1,1,NA,7000,32000,1000,NA,10000,NA,20000,1000,3000,NA,NA,NA,NA,NA,1000,2000,NA
2008-01-01,PE,1,1,NA,NA,1,NA,1,NA,1,NA,NA,NA,NA,NA,NA,1,NA,3000,7000,NA,NA,2000,NA,5000,NA,1000,NA,NA,NA,NA,NA,NA,1000,NA
2008-01-01,NS,1,1.0208333333333333,0.5,1,1.0714285714285714,1,1,1,1,NA,NA,NA,1,NA,1,1,1,18000,49000,1000,1000,15000,2000,29000,4000,4000,NA,NA,NA,1000,NA,2000,5000,1000
2008-01-01,NB,1,1,1,NA,1,1,1.0555555555555556,1,1.5,NA,NA,NA,NA,NA,1,1,1,12000,29000,1000,NA,8000,1000,19000,2000,3000,NA,NA,NA,NA,NA,2000,3000,1000
2008-01-01,QC,1.0123456790123457,0.994750656167979,0.9375,1,1.0108695652173914,1,0.98828125,1,1,NA,1,1,1,1,0.9285714285714286,1.0263157894736843,1.0714285714285714,164000,379000,15000,19000,93000,3000,253000,44000,33000,NA,4000,2000,6000,1000,13000,39000,15000
2008-01-01,ON,1.0191570881226053,1.0088300220750552,1,1.0454545454545454,0.9878787878787879,1,1.0196078431372548,1.02,1,NA,1,1,1,1,1,1.03125,1.0333333333333334,266000,457000,23000,23000,163000,18000,260000,51000,33000,NA,6000,4000,10000,2000,31000,66000,31000
2008-01-01,MB,1.0357142857142858,1.0294117647058822,1,1.5,1,1,1.0204081632653061,1,1.1666666666666667,NA,1,NA,1,NA,1,1,1.5,29000,70000,3000,3000,13000,1000,50000,9000,7000,NA,1000,NA,1000,NA,3000,5000,3000
2008-01-01,SK,1.0588235294117647,1.0175438596491229,1,1,1,NA,1.0263157894736843,1,1.2,NA,NA,NA,1,NA,1,1,1,18000,58000,2000,1000,14000,NA,39000,4000,6000,NA,NA,NA,1000,NA,3000,4000,2000
2008-01-01,AB,1.0317460317460319,1.0484848484848486,1.1428571428571428,1.2,1,1,1.0754716981132075,1,1.0769230769230769,NA,1,1,1,NA,1,1,1,65000,173000,8000,6000,44000,2000,114000,12000,14000,NA,2000,1000,3000,NA,8000,17000,6000
2008-01-01,BC,1.035294117647059,1.0404624277456647,1,1,1.0555555555555556,1,1.028301886792453,1,1.0769230769230769,NA,1.3333333333333333,1,1,1,1,1.1,1.1666666666666667,88000,180000,9000,11000,57000,3000,109000,17000,14000,NA,4000,1000,3000,1000,11000,22000,7000
2008-01-01,YT,1,1,NA,NA,NA,NA,NA,NA,NA,NA,NA,NA,NA,NA,NA,NA,NA,1000,1000,NA,NA,NA,NA,NA,NA,NA,NA,NA,NA,NA,NA,NA,NA,NA
2008-01-01,NT,1,1,NA,NA,NA,NA,1,NA,NA,NA,NA,NA,NA,NA,NA,NA,NA,1000,2000,NA,NA,NA,NA,2000,NA,NA,NA,NA,NA,NA,NA,NA,NA,NA
2008-01-01,NU,1,NA,NA,NA,NA,NA,NA,NA,NA,NA,NA,NA,NA,NA,NA,NA,NA,1000,NA,NA,NA,NA,NA,NA,NA,NA,NA,NA,NA,NA,NA,NA,NA,NA
2009-01-01,CA,1.0257966616084977,1.0268741159830268,1,1.0476190476190477,1.0144578313253012,1,1.0293785310734462,1.0352112676056338,1.0347826086956522,1,1.0555555555555556,1,1.04,1,0.974025974025974,1.04375,1.078125,676000,1452000,63000,66000,421000,29000,911000,147000,119000,1000,19000,10000,26000,5000,75000,167000,69000
2009-01-01,NL,1,1.096774193548387,1,NA,1.1111111111111112,NA,1.05,1,1,NA,NA,NA,NA,NA,1,1,1,7000,34000,1000,NA,10000,NA,21000,1000,3000,NA,NA,NA,NA,NA,1000,2000,1000
2009-01-01,PE,1,1,NA,NA,1,NA,1,NA,1,NA,NA,NA,NA,NA,NA,1,NA,3000,7000,NA,NA,2000,NA,5000,NA,1000,NA,NA,NA,NA,NA,NA,1000,NA
2009-01-01,NS,1,1.0416666666666667,0.5,1,1.0714285714285714,1,1.0689655172413792,0.75,1,NA,NA,NA,1,NA,1,1,1,18000,50000,1000,1000,15000,2000,31000,3000,4000,NA,NA,NA,1000,NA,2000,5000,1000
2009-01-01,NB,1,1.0344827586206897,1,NA,1,1,1.0555555555555556,1,1,NA,NA,NA,NA,NA,1,1,1,12000,30000,1000,NA,8000,1000,19000,2000,2000,NA,NA,NA,NA,NA,2000,3000,1000
2009-01-01,QC,1.0432098765432098,1.0026246719160106,0.9375,1,1,1,1.00390625,1.0454545454545454,1,NA,1,1,1,1,0.9285714285714286,1.0789473684210527,1.2857142857142858,169000,382000,15000,19000,92000,3000,257000,46000,33000,NA,4000,2000,6000,1000,13000,41000,18000
2009-01-01,ON,0.9885057471264368,1,0.9130434782608695,1.0454545454545454,0.9939393939393939,0.9444444444444444,1.003921568627451,1.06,1,NA,1.1666666666666667,1,1,1,0.9354838709677419,1.015625,0.8666666666666667,258000,453000,21000,23000,164000,17000,256000,53000,33000,NA,7000,4000,10000,2000,29000,65000,26000
2009-01-01,MB,1.0357142857142858,1.0588235294117647,1,1.5,1,1,1.0612244897959184,0.8888888888888888,1.1666666666666667,NA,1,NA,1,NA,1.3333333333333333,1.2,1.5,29000,72000,3000,3000,13000,1000,52000,8000,7000,NA,1000,NA,1000,NA,4000,6000,3000
2009-01-01,SK,1.1176470588235294,1.0526315789473684,1,1,1.0714285714285714,1,1.0526315789473684,1.25,1,NA,NA,NA,1,NA,1,1,1.5,19000,60000,2000,1000,15000,1000,40000,5000,5000,NA,NA,NA,1000,NA,3000,4000,3000
2009-01-01,AB,1.0793650793650793,1.0424242424242425,1.1428571428571428,1.2,1,1,1.0566037735849056,0.9166666666666666,1.1538461538461537,NA,1,1,1,1,1,1.0588235294117647,1.3333333333333333,68000,172000,8000,6000,44000,2000,112000,11000,15000,NA,2000,1000,3000,1000,8000,18000,8000
2009-01-01,BC,1.0823529411764705,1.0809248554913296,1,1.0909090909090908,1.0740740740740742,1,1.0754716981132075,1,1.1538461538461537,NA,1.3333333333333333,1,1,1,1,1.1,1.5,92000,187000,9000,12000,58000,3000,114000,17000,15000,NA,4000,1000,3000,1000,11000,22000,9000
2009-01-01,YT,1,1,NA,NA,NA,NA,NA,NA,NA,NA,NA,NA,NA,NA,NA,NA,NA,1000,1000,NA,NA,NA,NA,NA,NA,NA,NA,NA,NA,NA,NA,NA,NA,NA
2009-01-01,NT,1,1,NA,NA,NA,NA,1,NA,1,NA,NA,NA,NA,NA,NA,NA,NA,1000,2000,NA,NA,NA,NA,2000,NA,1000,NA,NA,NA,NA,NA,NA,NA,NA
2009-01-01,NU,1,NA,NA,NA,NA,NA,NA,NA,NA,NA,NA,NA,NA,NA,NA,NA,NA,1000,NA,NA,NA,NA,NA,NA,NA,NA,NA,NA,NA,NA,NA,NA,NA,NA
2010-01-01,CA,1.0576631259484066,1.0247524752475248,1,1.0634920634920635,1.0120481927710843,1,1.0293785310734462,1.176056338028169,1.0260869565217392,1,1.1111111111111112,1,0.96,1,0.987012987012987,1.01875,1.125,697000,1449000,63000,67000,420000,29000,911000,167000,118000,1000,20000,10000,24000,5000,76000,163000,72000
2010-01-01,NL,1.1428571428571428,1.064516129032258,1,NA,1.1111111111111112,NA,1.05,1,1,NA,NA,NA,NA,NA,1,1,1,8000,33000,1000,NA,10000,NA,21000,1000,3000,NA,NA,NA,NA,NA,1000,2000,1000
2010-01-01,PE,1,1.1428571428571428,NA,NA,1,NA,1.2,1,NA,NA,NA,NA,NA,NA,NA,1,NA,3000,8000,NA,NA,2000,NA,6000,1000,NA,NA,NA,NA,NA,NA,NA,1000,NA
2010-01-01,NS,1,1.0416666666666667,0.5,1,1.0714285714285714,1,1.0689655172413792,1,1,NA,NA,NA,1,NA,1,1,1,18000,50000,1000,1000,15000,2000,31000,4000,4000,NA,NA,NA,1000,NA,2000,5000,1000
2010-01-01,NB,1,1.0689655172413792,1,NA,1,1,1.1111111111111112,1,1.5,NA,NA,NA,NA,NA,1,1,1,12000,31000,1000,NA,8000,1000,20000,2000,3000,NA,NA,NA,NA,NA,2000,3000,1000
2010-01-01,QC,1.0740740740740742,1.0078740157480315,1,1.0526315789473684,1,1,1.01171875,1.1136363636363635,1.0303030303030303,NA,1,1,1,1,0.9285714285714286,1.105263157894737,1.2857142857142858,174000,384000,16000,20000,92000,3000,259000,49000,34000,NA,4000,2000,6000,1000,13000,42000,18000
2010-01-01,ON,1.0114942528735633,1.0066225165562914,0.9565217391304348,1.0454545454545454,1,0.9444444444444444,1.0156862745098039,1.24,1.0303030303030303,NA,1.1666666666666667,1,0.9,1,0.967741935483871,0.953125,0.9,264000,456000,22000,23000,165000,17000,259000,62000,34000,NA,7000,4000,9000,2000,30000,61000,27000
2010-01-01,MB,1.0714285714285714,1.0588235294117647,1,1.5,0.9230769230769231,1,1.0612244897959184,1,1.1666666666666667,NA,1,NA,1,NA,1.3333333333333333,1.2,1.5,30000,72000,3000,3000,12000,1000,52000,9000,7000,NA,1000,NA,1000,NA,4000,6000,3000
2010-01-01,SK,1.1176470588235294,1.0526315789473684,1,1,1.0714285714285714,1,1.0526315789473684,1.25,1.2,NA,NA,NA,1,NA,1,1,1.5,19000,60000,2000,1000,15000,1000,40000,5000,6000,NA,NA,NA,1000,NA,3000,4000,3000
2010-01-01,AB,1.0952380952380953,1.0242424242424242,1.1428571428571428,1.2,0.9772727272727273,1,1.0471698113207548,1,1.0769230769230769,NA,1,1,1,1,1,1.1176470588235294,1.3333333333333333,69000,169000,8000,6000,43000,2000,111000,12000,14000,NA,2000,1000,3000,1000,8000,19000,8000
2010-01-01,BC,1.1294117647058823,1.0520231213872833,1,1.0909090909090908,1.0740740740740742,1,1.0377358490566038,1.1764705882352942,1.0769230769230769,NA,1.3333333333333333,1,1,1,1.0909090909090908,1.1,1.5,96000,182000,9000,12000,58000,3000,110000,20000,14000,NA,4000,1000,3000,1000,12000,22000,9000
2010-01-01,YT,1,1,NA,NA,NA,NA,NA,NA,NA,NA,NA,NA,NA,NA,NA,NA,NA,1000,1000,NA,NA,NA,NA,NA,NA,NA,NA,NA,NA,NA,NA,NA,NA,NA
2010-01-01,NT,1,1,NA,NA,NA,NA,1,NA,1,NA,NA,NA,NA,NA,NA,NA,NA,1000,2000,NA,NA,NA,NA,2000,NA,1000,NA,NA,NA,NA,NA,NA,NA,NA
2010-01-01,NU,1,NA,NA,NA,NA,NA,NA,NA,NA,NA,NA,NA,NA,NA,NA,NA,NA,1000,NA,NA,NA,NA,NA,NA,NA,NA,NA,NA,NA,NA,NA,NA,NA,NA
2011-01-01,CA,1.0971168437025796,1.036067892503536,1.0476190476190477,1.0952380952380953,1.0096385542168675,1.206896551724138,1.0463276836158193,1.232394366197183,1.0434782608695652,1,1.2222222222222223,1,1,1,0.987012987012987,1.04375,1.109375,723000,1465000,66000,69000,419000,35000,926000,175000,120000,1000,22000,10000,25000,5000,76000,167000,71000
2011-01-01,NL,1.1428571428571428,1.096774193548387,1,NA,1.2222222222222223,NA,1.1,2,0.6666666666666666,NA,NA,NA,NA,NA,1,1,1,8000,34000,1000,NA,11000,NA,22000,2000,2000,NA,NA,NA,NA,NA,1000,2000,1000
2011-01-01,PE,1,1.2857142857142858,NA,NA,1,NA,1.2,1,NA,NA,NA,NA,NA,NA,NA,1,NA,3000,9000,NA,NA,2000,NA,6000,1000,NA,NA,NA,NA,NA,NA,NA,1000,NA
2011-01-01,NS,1.0555555555555556,1.0416666666666667,0.5,1,1.0714285714285714,1,1.103448275862069,1,1.25,NA,NA,NA,1,NA,1,1,1,19000,50000,1000,1000,15000,2000,32000,4000,5000,NA,NA,NA,1000,NA,2000,5000,1000
2011-01-01,NB,1,1.0689655172413792,1,NA,1.125,1,1.1111111111111112,1.5,1,NA,NA,NA,NA,NA,1,1,1,12000,31000,1000,NA,9000,1000,20000,3000,2000,NA,NA,NA,NA,NA,2000,3000,1000
2011-01-01,QC,1.1111111111111112,1.020997375328084,1.0625,1.105263157894737,1.0217391304347827,1.3333333333333333,1.015625,1.1590909090909092,1.0303030303030303,NA,1,1,1,1,0.9285714285714286,1.131578947368421,1.2857142857142858,180000,389000,17000,21000,94000,4000,260000,51000,34000,NA,4000,2000,6000,1000,13000,43000,18000
2011-01-01,ON,1.0689655172413792,1.011037527593819,1.0434782608695652,1.0909090909090908,0.9818181818181818,1.2222222222222223,1.0274509803921568,1.34,1.0303030303030303,NA,1.3333333333333333,1,0.9,1,0.967741935483871,0.96875,0.9,279000,458000,24000,24000,162000,22000,262000,67000,34000,NA,8000,4000,9000,2000,30000,62000,27000
2011-01-01,MB,1.1428571428571428,1.0735294117647058,1,1.5,1,1,1.0816326530612246,1.1111111111111112,1.1666666666666667,NA,1,NA,1,NA,1.3333333333333333,1.2,1.5,32000,73000,3000,3000,13000,1000,53000,10000,7000,NA,1000,NA,1000,NA,4000,6000,3000
2011-01-01,SK,1.1764705882352942,1.105263157894737,1,1,1,1,1.131578947368421,1.25,1.2,NA,NA,NA,1,NA,1,1,1.5,20000,63000,2000,1000,14000,1000,43000,5000,6000,NA,NA,NA,1000,NA,3000,4000,3000
2011-01-01,AB,1.1111111111111112,1.0545454545454545,1.1428571428571428,1.2,0.9772727272727273,1,1.0849056603773586,1,1.1538461538461537,NA,1.5,1,1,1,1,1.1176470588235294,1.3333333333333333,70000,174000,8000,6000,43000,2000,115000,12000,15000,NA,3000,1000,3000,1000,8000,19000,8000
2011-01-01,BC,1.1411764705882352,1.0520231213872833,1,1.0909090909090908,1.0555555555555556,1,1.0471698113207548,1.1764705882352942,1.0769230769230769,NA,1.6666666666666667,1,1,1,1.0909090909090908,1.1,1.5,97000,182000,9000,12000,57000,3000,111000,20000,14000,NA,5000,1000,3000,1000,12000,22000,9000
2011-01-01,YT,1,1,NA,NA,NA,NA,NA,NA,NA,NA,NA,NA,NA,NA,NA,NA,NA,1000,1000,NA,NA,NA,NA,NA,NA,NA,NA,NA,NA,NA,NA,NA,NA,NA
2011-01-01,NT,1,1,NA,NA,NA,NA,1,NA,1,NA,NA,NA,NA,NA,NA,NA,NA,1000,2000,NA,NA,NA,NA,2000,NA,1000,NA,NA,NA,NA,NA,NA,NA,NA
2011-01-01,NU,1,NA,NA,NA,NA,NA,NA,NA,NA,NA,NA,NA,NA,NA,NA,NA,NA,1000,NA,NA,NA,NA,NA,NA,NA,NA,NA,NA,NA,NA,NA,NA,NA,NA
2012-01-01,CA,1.1198786039453719,1.043847241867044,1.0634920634920635,1.126984126984127,1.0216867469879518,1.1379310344827587,1.0519774011299434,1.204225352112676,1.0521739130434782,1,1.3333333333333333,0.9,1.04,1.2,1.0129870129870129,1.0875,1.21875,738000,1476000,67000,71000,424000,33000,931000,171000,121000,1000,24000,9000,26000,6000,78000,174000,78000
2012-01-01,NL,1.1428571428571428,1.096774193548387,1,NA,1.2222222222222223,NA,1.1,2,0.6666666666666666,NA,NA,NA,NA,NA,1,1,1,8000,34000,1000,NA,11000,NA,22000,2000,2000,NA,NA,NA,NA,NA,1000,2000,1000
2012-01-01,PE,1,1.1428571428571428,NA,NA,1,NA,1.2,1,NA,NA,NA,NA,NA,NA,NA,1,NA,3000,8000,NA,NA,2000,NA,6000,1000,NA,NA,NA,NA,NA,NA,NA,1000,NA
2012-01-01,NS,1.0555555555555556,1.0625,1,1,1.0714285714285714,1,1.103448275862069,1,1,NA,1,NA,1,NA,1,1,2,19000,51000,2000,1000,15000,2000,32000,4000,4000,NA,1000,NA,1000,NA,2000,5000,2000
2012-01-01,NB,1,1.0689655172413792,1,NA,1.125,1,1.0555555555555556,1,1.5,NA,NA,NA,NA,NA,1,1,2,12000,31000,1000,NA,9000,1000,19000,2000,3000,NA,NA,NA,NA,NA,2000,3000,2000
2012-01-01,QC,1.1358024691358024,1.0341207349081365,1.0625,1.0526315789473684,1.0434782608695652,1,1.03125,1.1590909090909092,1.0303030303030303,NA,1.25,1,1,1,0.9285714285714286,1.1842105263157894,1.3571428571428572,184000,394000,17000,20000,96000,3000,264000,51000,34000,NA,5000,2000,6000,1000,13000,45000,19000
2012-01-01,ON,1.0842911877394636,1.0066225165562914,1.0434782608695652,1.1363636363636365,0.9878787878787879,1.1111111111111112,1.0196078431372548,1.26,1.0303030303030303,NA,1.5,1,0.9,1,1.032258064516129,1.015625,1,283000,456000,24000,25000,163000,20000,260000,63000,34000,NA,9000,4000,9000,2000,32000,65000,30000
2012-01-01,MB,1.1428571428571428,1.0735294117647058,1,1.5,1,1,1.0612244897959184,1.1111111111111112,1.1666666666666667,NA,1,NA,1,NA,1.3333333333333333,1.2,1.5,32000,73000,3000,3000,13000,1000,52000,10000,7000,NA,1000,NA,1000,NA,4000,6000,3000
2012-01-01,SK,1.1764705882352942,1.087719298245614,1,1,1.0714285714285714,1,1.0789473684210527,1.25,1.2,NA,NA,NA,1,NA,1,1,1.5,20000,62000,2000,1000,15000,1000,41000,5000,6000,NA,NA,NA,1000,NA,3000,4000,3000
2012-01-01,AB,1.1746031746031746,1.084848484848485,1.2857142857142858,1.2,1,1,1.1226415094339623,1.0833333333333333,1.1538461538461537,NA,1.5,1,1,1,1.125,1.1764705882352942,1.5,74000,179000,9000,6000,44000,2000,119000,13000,15000,NA,3000,1000,3000,1000,9000,20000,9000
2012-01-01,BC,1.1647058823529413,1.0751445086705202,1,1.1818181818181819,1.0740740740740742,1,1.0660377358490567,1.1764705882352942,1.0769230769230769,NA,1.6666666666666667,1,1,1,1.0909090909090908,1.15,1.6666666666666667,99000,186000,9000,13000,58000,3000,113000,20000,14000,NA,5000,1000,3000,1000,12000,23000,10000
2012-01-01,YT,1,1,NA,NA,NA,NA,NA,NA,NA,NA,NA,NA,NA,NA,NA,NA,NA,1000,1000,NA,NA,NA,NA,NA,NA,NA,NA,NA,NA,NA,NA,NA,NA,NA
2012-01-01,NT,1,1,NA,NA,NA,NA,1,NA,1,NA,NA,NA,NA,NA,NA,NA,NA,1000,2000,NA,NA,NA,NA,2000,NA,1000,NA,NA,NA,NA,NA,NA,NA,NA
2012-01-01,NU,1,NA,NA,NA,NA,NA,NA,NA,NA,NA,NA,NA,NA,NA,NA,NA,NA,1000,NA,NA,NA,NA,NA,NA,NA,NA,NA,NA,NA,NA,NA,NA,NA,NA
2013-01-01,CA,1.1441578148710168,1.0622347949080622,1.0952380952380953,1.1428571428571428,1.036144578313253,1,1.073446327683616,1.2464788732394365,1.0782608695652174,1,1.2777777777777777,1.1,1.08,1.2,1.0389610389610389,1.13125,1.21875,754000,1502000,69000,72000,430000,29000,950000,177000,124000,1000,23000,11000,27000,6000,80000,181000,78000
2013-01-01,NL,1.1428571428571428,1.032258064516129,1,NA,1.1111111111111112,NA,1.05,1,1,NA,NA,NA,NA,NA,1,1,1,8000,32000,1000,NA,10000,NA,21000,1000,3000,NA,NA,NA,NA,NA,1000,2000,1000
2013-01-01,PE,1,1.1428571428571428,NA,NA,1,NA,1.2,1,NA,NA,NA,NA,NA,NA,NA,1,NA,3000,8000,NA,NA,2000,NA,6000,1000,NA,NA,NA,NA,NA,NA,NA,1000,NA
2013-01-01,NS,1.0555555555555556,1.1041666666666667,1,1,1.1428571428571428,1,1.1379310344827587,1,1,NA,NA,NA,1,NA,1,1,2,19000,53000,2000,1000,16000,2000,33000,4000,4000,NA,NA,NA,1000,NA,2000,5000,2000
2013-01-01,NB,1.0833333333333333,1.2413793103448276,1,1,0.875,1,1.3333333333333333,1.5,1.5,NA,NA,NA,NA,NA,1,1,2,13000,36000,1000,1000,7000,1000,24000,3000,3000,NA,NA,NA,NA,NA,2000,3000,2000
2013-01-01,QC,1.1481481481481481,1.057742782152231,1.0625,1.0526315789473684,1.076086956521739,1,1.0546875,1.1818181818181819,1.0606060606060606,NA,1,1,1.1666666666666667,1,0.9285714285714286,1.236842105263158,1.2857142857142858,186000,403000,17000,20000,99000,3000,270000,52000,35000,NA,4000,2000,7000,1000,13000,47000,18000
2013-01-01,ON,1.0996168582375478,1.0154525386313467,1.0869565217391304,1.1818181818181819,0.9939393939393939,0.9444444444444444,1.0235294117647058,1.3,1.0303030303030303,NA,1.5,1.25,1,1,1.064516129032258,1.0625,1,287000,460000,25000,26000,164000,17000,261000,65000,34000,NA,9000,5000,10000,2000,33000,68000,30000
2013-01-01,MB,1.2142857142857142,1.088235294117647,1,1.5,1.0769230769230769,1,1.1020408163265305,1.2222222222222223,1.1666666666666667,NA,1,NA,1,NA,1.3333333333333333,1.2,1.5,34000,74000,3000,3000,14000,1000,54000,11000,7000,NA,1000,NA,1000,NA,4000,6000,3000
2013-01-01,SK,1.2352941176470589,1.087719298245614,1,1,1.0714285714285714,1,1.105263157894737,1.5,1,NA,NA,NA,1,NA,1,1.25,1.5,21000,62000,2000,1000,15000,1000,42000,6000,5000,NA,NA,NA,1000,NA,3000,5000,3000
2013-01-01,AB,1.2063492063492063,1.096969696969697,1.2857142857142858,1.2,1,1,1.1415094339622642,1.0833333333333333,1.2307692307692308,NA,1.5,1,1,1,1.125,1.2352941176470589,1.5,76000,181000,9000,6000,44000,2000,121000,13000,16000,NA,3000,1000,3000,1000,9000,21000,9000
2013-01-01,BC,1.2117647058823529,1.092485549132948,1,1.2727272727272727,1.0925925925925926,1,1.0849056603773586,1.2352941176470589,1.1538461538461537,NA,1.6666666666666667,2,1.3333333333333333,1,1.0909090909090908,1.2,1.6666666666666667,103000,189000,9000,14000,59000,3000,115000,21000,15000,NA,5000,2000,4000,1000,12000,24000,10000
2013-01-01,YT,1,1,NA,NA,NA,NA,NA,NA,NA,NA,NA,NA,NA,NA,NA,NA,NA,1000,1000,NA,NA,NA,NA,NA,NA,NA,NA,NA,NA,NA,NA,NA,NA,NA
2013-01-01,NT,1,1.5,NA,NA,NA,NA,1,NA,1,NA,NA,NA,NA,NA,NA,NA,NA,1000,3000,NA,NA,NA,NA,2000,NA,1000,NA,NA,NA,NA,NA,NA,NA,NA
2013-01-01,NU,1,NA,NA,NA,NA,NA,NA,NA,NA,NA,NA,NA,NA,NA,NA,NA,NA,1000,NA,NA,NA,NA,NA,NA,NA,NA,NA,NA,NA,NA,NA,NA,NA,NA
2014-01-01,CA,1.157814871016692,1.077086280056577,1.1111111111111112,1.1746031746031746,1.0481927710843373,1.0344827586206897,1.0892655367231638,1.2746478873239437,1.0869565217391304,1,1.2777777777777777,0.8,1.08,1.2,1,1.15,1.25,763000,1523000,70000,74000,435000,30000,964000,181000,125000,1000,23000,8000,27000,6000,77000,184000,80000
2014-01-01,NL,1.1428571428571428,1.032258064516129,1,NA,1,NA,1.05,1,1,NA,NA,NA,NA,NA,1,1,1,8000,32000,1000,NA,9000,NA,21000,1000,3000,NA,NA,NA,NA,NA,1000,2000,1000
2014-01-01,PE,1,1.1428571428571428,NA,NA,1,NA,1.2,1,NA,NA,NA,NA,NA,NA,NA,1,NA,3000,8000,NA,NA,2000,NA,6000,1000,NA,NA,NA,NA,NA,NA,NA,1000,NA
2014-01-01,NS,1.1111111111111112,1.1458333333333333,1,1,1.0714285714285714,1.5,1.206896551724138,1,1.25,NA,NA,NA,1,NA,1,1,2,20000,55000,2000,1000,15000,3000,35000,4000,5000,NA,NA,NA,1000,NA,2000,5000,2000
2014-01-01,NB,1.0833333333333333,1.2413793103448276,1,1,0.875,1,1.3888888888888888,1.5,1.5,NA,NA,NA,NA,NA,1,1,2,13000,36000,1000,1000,7000,1000,25000,3000,3000,NA,NA,NA,NA,NA,2000,3000,2000
2014-01-01,QC,1.1419753086419753,1.0656167979002624,1.0625,1.105263157894737,1.065217391304348,1,1.06640625,1.1818181818181819,1.0606060606060606,NA,1.25,1,1.1666666666666667,1,0.9285714285714286,1.2105263157894737,1.3571428571428572,185000,406000,17000,21000,98000,3000,273000,52000,35000,NA,5000,2000,7000,1000,13000,46000,19000
2014-01-01,ON,1.1264367816091954,1.030905077262693,1.1304347826086956,1.2272727272727273,1.0303030303030303,0.8888888888888888,1.035294117647059,1.34,1.0606060606060606,NA,1.5,1,1,1,1.032258064516129,1.078125,1.0333333333333334,294000,467000,26000,27000,170000,16000,264000,67000,35000,NA,9000,4000,10000,2000,32000,69000,31000
2014-01-01,MB,1.2142857142857142,1.1323529411764706,1,1.5,1.0769230769230769,1,1.1428571428571428,1.2222222222222223,1.1666666666666667,NA,1,NA,1,NA,1.3333333333333333,1.2,1.5,34000,77000,3000,3000,14000,1000,56000,11000,7000,NA,1000,NA,1000,NA,4000,6000,3000
2014-01-01,SK,1.2352941176470589,1.1228070175438596,1,1,1.0714285714285714,1,1.131578947368421,1.5,1,NA,NA,NA,1,NA,1,1,1.5,21000,64000,2000,1000,15000,1000,43000,6000,5000,NA,NA,NA,1000,NA,3000,4000,3000
2014-01-01,AB,1.2380952380952381,1.1090909090909091,1.2857142857142858,1.4,1,1,1.150943396226415,1.1666666666666667,1.2307692307692308,NA,1.5,1,1,1,1.125,1.2352941176470589,1.6666666666666667,78000,183000,9000,7000,44000,2000,122000,14000,16000,NA,3000,1000,3000,1000,9000,21000,10000
2014-01-01,BC,1.223529411764706,1.1040462427745665,1,1.2727272727272727,1.0925925925925926,1,1.1037735849056605,1.2352941176470589,1.2307692307692308,NA,1.3333333333333333,1,1.3333333333333333,1,1,1.25,1.6666666666666667,104000,191000,9000,14000,59000,3000,117000,21000,16000,NA,4000,1000,4000,1000,11000,25000,10000
2014-01-01,YT,1,1,NA,NA,NA,NA,NA,NA,NA,NA,NA,NA,NA,NA,NA,NA,NA,1000,1000,NA,NA,NA,NA,NA,NA,NA,NA,NA,NA,NA,NA,NA,NA,NA
2014-01-01,NT,1,1.5,NA,NA,NA,NA,1,NA,1,NA,NA,NA,NA,NA,NA,1,NA,1000,3000,NA,NA,NA,NA,2000,NA,1000,NA,NA,NA,NA,NA,NA,1000,NA
2014-01-01,NU,1,NA,NA,NA,NA,NA,NA,NA,NA,NA,NA,NA,NA,NA,NA,NA,NA,1000,NA,NA,NA,NA,NA,NA,NA,NA,NA,NA,NA,NA,NA,NA,NA,NA
2015-01-01,CA,1.197268588770865,1.0891089108910892,1.2063492063492063,1.2063492063492063,1.0409638554216867,1.0344827586206897,1.1073446327683616,1.3380281690140845,1.1043478260869566,1,1.3333333333333333,1,1.08,1.2,1.025974025974026,1.13125,1.40625,789000,1540000,76000,76000,432000,30000,980000,190000,127000,1000,24000,10000,27000,6000,79000,181000,90000
2015-01-01,NL,1.1428571428571428,1.064516129032258,1,NA,1,NA,1.05,2,0.6666666666666666,NA,NA,NA,NA,NA,1,1,1,8000,33000,1000,NA,9000,NA,21000,2000,2000,NA,NA,NA,NA,NA,1000,2000,1000
2015-01-01,PE,1,1.2857142857142858,NA,NA,1,NA,1.2,1,1,NA,NA,NA,NA,NA,NA,1,NA,3000,9000,NA,NA,2000,NA,6000,1000,1000,NA,NA,NA,NA,NA,NA,1000,NA
2015-01-01,NS,1.1111111111111112,1.1666666666666667,1,1,1.1428571428571428,1.5,1.206896551724138,1.25,1,NA,NA,NA,1,NA,1,0.8,2,20000,56000,2000,1000,16000,3000,35000,5000,4000,NA,NA,NA,1000,NA,2000,4000,2000
2015-01-01,NB,1.0833333333333333,1.2413793103448276,1,NA,1,1,1.3888888888888888,1.5,1.5,NA,NA,NA,NA,NA,1,1,2,13000,36000,1000,NA,8000,1000,25000,3000,3000,NA,NA,NA,NA,NA,2000,3000,2000
2015-01-01,QC,1.1604938271604939,1.062992125984252,1.1875,1.0526315789473684,1.0543478260869565,1,1.0625,1.2045454545454546,1.0909090909090908,NA,1.25,1,1,1,0.8571428571428571,1.1842105263157894,1.5,188000,405000,19000,20000,97000,3000,272000,53000,36000,NA,5000,2000,6000,1000,12000,45000,21000
2015-01-01,ON,1.1724137931034482,1.044150110375276,1.2173913043478262,1.2727272727272727,1.018181818181818,0.9444444444444444,1.0588235294117647,1.42,1.0606060606060606,NA,1.5,1,1,1,1.064516129032258,1.09375,1.1333333333333333,306000,473000,28000,28000,168000,17000,270000,71000,35000,NA,9000,4000,10000,2000,33000,70000,34000
2015-01-01,MB,1.25,1.1323529411764706,1.3333333333333333,1.5,1,1,1.163265306122449,1.3333333333333333,1.1666666666666667,NA,1,NA,1,NA,1.3333333333333333,1.2,1.5,35000,77000,4000,3000,13000,1000,57000,12000,7000,NA,1000,NA,1000,NA,4000,6000,3000
2015-01-01,SK,1.2941176470588236,1.1754385964912282,1,1,1.0714285714285714,1,1.1842105263157894,1.5,1.2,NA,NA,NA,1,NA,1,1.25,1.5,22000,67000,2000,1000,15000,1000,45000,6000,6000,NA,NA,NA,1000,NA,3000,5000,3000
2015-01-01,AB,1.2857142857142858,1.1272727272727272,1.4285714285714286,1.4,1,1,1.1886792452830188,1.25,1.2307692307692308,NA,1.5,1,1,1,1.125,1.1764705882352942,1.6666666666666667,81000,186000,10000,7000,44000,2000,126000,15000,16000,NA,3000,1000,3000,1000,9000,20000,10000
2015-01-01,BC,1.2941176470588236,1.115606936416185,1.2222222222222223,1.3636363636363635,1.0740740740740742,1,1.1226415094339623,1.2941176470588236,1.2307692307692308,NA,1.6666666666666667,2,1,1,1.0909090909090908,1.2,2.1666666666666665,110000,193000,11000,15000,58000,3000,119000,22000,16000,NA,5000,2000,3000,1000,12000,24000,13000
2015-01-01,YT,1,1,NA,NA,NA,NA,NA,NA,NA,NA,NA,NA,NA,NA,NA,NA,NA,1000,1000,NA,NA,NA,NA,NA,NA,NA,NA,NA,NA,NA,NA,NA,NA,NA
2015-01-01,NT,1,1.5,NA,NA,NA,NA,1,NA,1,NA,NA,NA,NA,NA,NA,1,NA,1000,3000,NA,NA,NA,NA,2000,NA,1000,NA,NA,NA,NA,NA,NA,1000,NA
2015-01-01,NU,1,NA,NA,NA,NA,NA,NA,NA,NA,NA,NA,NA,NA,NA,NA,NA,NA,1000,NA,NA,NA,NA,NA,NA,NA,NA,NA,NA,NA,NA,NA,NA,NA,NA
2016-01-01,CA,1.2321699544764795,1.103960396039604,1.253968253968254,1.2380952380952381,1.0602409638554218,1.0344827586206897,1.12090395480226,1.4295774647887325,1.1217391304347826,1,1.2222222222222223,1,1,1.2,1.0389610389610389,1.09375,1.59375,812000,1561000,79000,78000,440000,30000,992000,203000,129000,1000,22000,10000,25000,6000,80000,175000,102000
2016-01-01,NL,1.1428571428571428,1.064516129032258,1,NA,1.1111111111111112,NA,1.05,2,0.6666666666666666,NA,NA,NA,NA,NA,1,1,1,8000,33000,1000,NA,10000,NA,21000,2000,2000,NA,NA,NA,NA,NA,1000,2000,1000
2016-01-01,PE,1,1.2857142857142858,NA,NA,1,NA,1.4,1,1,NA,NA,NA,NA,NA,NA,1,NA,3000,9000,NA,NA,2000,NA,7000,1000,1000,NA,NA,NA,NA,NA,NA,1000,NA
2016-01-01,NS,1.1666666666666667,1.1666666666666667,1,1,1.1428571428571428,1,1.2413793103448276,1.25,1.25,NA,NA,NA,1,NA,1,1,2,21000,56000,2000,1000,16000,2000,36000,5000,5000,NA,NA,NA,1000,NA,2000,5000,2000
2016-01-01,NB,1.1666666666666667,1.2758620689655173,1,1,0.875,NA,1.5,1.5,2,NA,NA,NA,NA,NA,1,1,2,14000,37000,1000,1000,7000,NA,27000,3000,4000,NA,NA,NA,NA,NA,2000,3000,2000
2016-01-01,QC,1.1851851851851851,1.062992125984252,1.125,1.105263157894737,1.0543478260869565,1,1.06640625,1.2045454545454546,1.0909090909090908,NA,1.25,1,1.1666666666666667,1,0.8571428571428571,1.236842105263158,1.6428571428571428,192000,405000,18000,21000,97000,3000,273000,53000,36000,NA,5000,2000,7000,1000,12000,47000,23000
2016-01-01,ON,1.210727969348659,1.0662251655629138,1.2608695652173914,1.3181818181818181,1.0424242424242425,0.9444444444444444,1.0784313725490196,1.58,1.0909090909090908,NA,1.5,1,0.9,1,1.064516129032258,1.015625,1.3333333333333333,316000,483000,29000,29000,172000,17000,275000,79000,36000,NA,9000,4000,9000,2000,33000,65000,40000
2016-01-01,MB,1.2857142857142858,1.1470588235294117,1,1.5,1,1,1.183673469387755,1.3333333333333333,1.3333333333333333,NA,1,NA,1,NA,1.3333333333333333,1.2,2,36000,78000,3000,3000,13000,1000,58000,12000,8000,NA,1000,NA,1000,NA,4000,6000,4000
2016-01-01,SK,1.3529411764705883,1.1754385964912282,1,1,1.1428571428571428,1,1.1842105263157894,1.75,1,NA,NA,NA,1,NA,1,1,1.5,23000,67000,2000,1000,16000,1000,45000,7000,5000,NA,NA,NA,1000,NA,3000,4000,3000
2016-01-01,AB,1.2857142857142858,1.1575757575757575,1.5714285714285714,1.4,1.0454545454545454,1,1.2075471698113207,1.3333333333333333,1.3076923076923077,NA,1,1,1,1,1.125,1.0588235294117647,1.8333333333333333,81000,191000,11000,7000,46000,2000,128000,16000,17000,NA,2000,1000,3000,1000,9000,18000,11000
2016-01-01,BC,1.3529411764705883,1.1445086705202312,1.2222222222222223,1.3636363636363635,1.1296296296296295,1,1.1415094339622642,1.411764705882353,1.2307692307692308,NA,1.6666666666666667,2,1,1,1.0909090909090908,1.2,2.5,115000,198000,11000,15000,61000,3000,121000,24000,16000,NA,5000,2000,3000,1000,12000,24000,15000
2016-01-01,YT,1,1,NA,NA,NA,NA,NA,NA,NA,NA,NA,NA,NA,NA,NA,NA,NA,1000,1000,NA,NA,NA,NA,NA,NA,NA,NA,NA,NA,NA,NA,NA,NA,NA
2016-01-01,NT,1,1.5,NA,NA,NA,NA,1,NA,1,NA,NA,NA,NA,NA,NA,1,NA,1000,3000,NA,NA,NA,NA,2000,NA,1000,NA,NA,NA,NA,NA,NA,1000,NA
2016-01-01,NU,1,NA,NA,NA,NA,NA,NA,NA,NA,NA,NA,NA,NA,NA,NA,NA,NA,1000,NA,NA,NA,NA,NA,NA,NA,NA,NA,NA,NA,NA,NA,NA,NA,NA
2017-01-01,CA,1.2503793626707131,1.1018387553041018,1.1904761904761905,1.3015873015873016,1.0409638554216867,1.0689655172413792,1.1265536723163843,1.4788732394366197,1.1304347826086956,1,1.2222222222222223,1,1,1.2,1.0649350649350648,1.10625,1.578125,824000,1558000,75000,82000,432000,31000,997000,210000,130000,1000,22000,10000,25000,6000,82000,177000,101000
2017-01-01,NL,1.1428571428571428,1.032258064516129,1,NA,1,NA,1.05,2,1,NA,NA,NA,NA,NA,1,1,1,8000,32000,1000,NA,9000,NA,21000,2000,3000,NA,NA,NA,NA,NA,1000,2000,1000
2017-01-01,PE,1,1.2857142857142858,NA,NA,1,NA,1.4,1,1,NA,NA,NA,NA,NA,NA,1,NA,3000,9000,NA,NA,2000,NA,7000,1000,1000,NA,NA,NA,NA,NA,NA,1000,NA
2017-01-01,NS,1.1666666666666667,1.1875,1,1,1.1428571428571428,1,1.2758620689655173,1.25,1.25,NA,NA,NA,1,NA,1,0.8,2,21000,57000,2000,1000,16000,2000,37000,5000,5000,NA,NA,NA,1000,NA,2000,4000,2000
2017-01-01,NB,1.1666666666666667,1.2758620689655173,1,1,0.875,NA,1.4444444444444444,1.5,2,NA,NA,NA,NA,NA,1,1,2,14000,37000,1000,1000,7000,NA,26000,3000,4000,NA,NA,NA,NA,NA,2000,3000,2000
2017-01-01,QC,1.1975308641975309,1.0393700787401574,1,1.1578947368421053,1,1.3333333333333333,1.05078125,1.2272727272727273,1.0303030303030303,NA,1.25,1,1.1666666666666667,1,0.8571428571428571,1.263157894736842,1.6428571428571428,194000,396000,16000,22000,92000,4000,269000,54000,34000,NA,5000,2000,7000,1000,12000,48000,23000
2017-01-01,ON,1.2298850574712643,1.0772626931567328,1.2173913043478262,1.4090909090909092,1.0363636363636364,1,1.1019607843137256,1.64,1.0909090909090908,NA,1.3333333333333333,1,0.9,1,1.096774193548387,1.015625,1.3,321000,488000,28000,31000,171000,18000,281000,82000,36000,NA,8000,4000,9000,2000,34000,65000,39000
2017-01-01,MB,1.2857142857142858,1.1470588235294117,1,1.5,1,1,1.183673469387755,1.4444444444444444,1.3333333333333333,NA,1,NA,1,NA,1.3333333333333333,1.2,2,36000,78000,3000,3000,13000,1000,58000,13000,8000,NA,1000,NA,1000,NA,4000,6000,4000
2017-01-01,SK,1.3529411764705883,1.1754385964912282,1,1,1.0714285714285714,1,1.1842105263157894,1.75,1.2,NA,NA,NA,1,NA,1,1.25,1.5,23000,67000,2000,1000,15000,1000,45000,7000,6000,NA,NA,NA,1000,NA,3000,5000,3000
2017-01-01,AB,1.3015873015873016,1.1636363636363636,1.5714285714285714,1.4,1.0681818181818181,1,1.2075471698113207,1.4166666666666667,1.3076923076923077,NA,1,1,1,1,1.125,1,1.8333333333333333,82000,192000,11000,7000,47000,2000,128000,17000,17000,NA,2000,1000,3000,1000,9000,17000,11000
2017-01-01,BC,1.388235294117647,1.1445086705202312,1.1111111111111112,1.4545454545454546,1.0925925925925926,1,1.1603773584905661,1.4705882352941178,1.2307692307692308,NA,1.6666666666666667,2,1,1,1.1818181818181819,1.2,2.5,118000,198000,10000,16000,59000,3000,123000,25000,16000,NA,5000,2000,3000,1000,13000,24000,15000
2017-01-01,YT,1,1,NA,NA,NA,NA,NA,NA,NA,NA,NA,NA,NA,NA,NA,NA,NA,1000,1000,NA,NA,NA,NA,NA,NA,NA,NA,NA,NA,NA,NA,NA,NA,NA
2017-01-01,NT,1,1.5,NA,NA,NA,NA,1,NA,1,NA,NA,NA,NA,NA,NA,1,NA,1000,3000,NA,NA,NA,NA,2000,NA,1000,NA,NA,NA,NA,NA,NA,1000,NA
2017-01-01,NU,1,NA,NA,NA,NA,NA,NA,NA,NA,NA,NA,NA,NA,NA,NA,NA,NA,1000,NA,NA,NA,NA,NA,NA,NA,NA,NA,NA,NA,NA,NA,NA,NA,NA
2018-01-01,CA,1.2731411229135052,1.1244695898161245,1.2063492063492063,1.3333333333333333,1.0674698795180724,1.103448275862069,1.1468926553672316,1.5492957746478873,1.1478260869565218,1,1.2777777777777777,1.1,1,1.2,1.077922077922078,1.1,1.59375,839000,1590000,76000,84000,443000,32000,1015000,220000,132000,1000,23000,11000,25000,6000,83000,176000,102000
2018-01-01,NL,1.1428571428571428,1.096774193548387,1,NA,1,NA,1.1,2,1,NA,NA,NA,NA,NA,1,1,1,8000,34000,1000,NA,9000,NA,22000,2000,3000,NA,NA,NA,NA,NA,1000,2000,1000
2018-01-01,PE,1,1.2857142857142858,NA,NA,1,NA,1.4,1,1,NA,NA,NA,NA,NA,NA,1,NA,3000,9000,NA,NA,2000,NA,7000,1000,1000,NA,NA,NA,NA,NA,NA,1000,NA
2018-01-01,NS,1.1666666666666667,1.2291666666666667,1,1,1.1428571428571428,1,1.3103448275862069,1.25,1.25,NA,NA,NA,1,NA,1,0.8,2,21000,59000,2000,1000,16000,2000,38000,5000,5000,NA,NA,NA,1000,NA,2000,4000,2000
2018-01-01,NB,1.1666666666666667,1.2758620689655173,1,1,0.875,NA,1.5,1.5,2,NA,NA,NA,NA,NA,1,1,2,14000,37000,1000,1000,7000,NA,27000,3000,4000,NA,NA,NA,NA,NA,2000,3000,2000
2018-01-01,QC,1.2160493827160495,1.0708661417322836,1.0625,1.1578947368421053,1.0217391304347827,1.3333333333333333,1.0859375,1.2727272727272727,1.0909090909090908,NA,1.25,1,1.1666666666666667,1,0.8571428571428571,1.2894736842105263,1.6428571428571428,197000,408000,17000,22000,94000,4000,278000,56000,36000,NA,5000,2000,7000,1000,12000,49000,23000
2018-01-01,ON,1.2567049808429118,1.086092715231788,1.2608695652173914,1.4545454545454546,1.0727272727272728,1,1.0941176470588236,1.74,1.0909090909090908,NA,1.3333333333333333,1.25,0.9,1,1.1290322580645162,0.984375,1.3333333333333333,328000,492000,29000,32000,177000,18000,279000,87000,36000,NA,8000,5000,9000,2000,35000,63000,40000
2018-01-01,MB,1.3214285714285714,1.1470588235294117,1,1.5,1,1,1.163265306122449,1.5555555555555556,1.1666666666666667,NA,1,NA,1,NA,1.3333333333333333,1.2,2,37000,78000,3000,3000,13000,1000,57000,14000,7000,NA,1000,NA,1000,NA,4000,6000,4000
2018-01-01,SK,1.411764705882353,1.1929824561403508,1,1,1.0714285714285714,1,1.236842105263158,1.75,1.4,NA,NA,NA,1,NA,1,1.25,1.5,24000,68000,2000,1000,15000,1000,47000,7000,7000,NA,NA,NA,1000,NA,3000,5000,3000
2018-01-01,AB,1.3333333333333333,1.1939393939393939,1.5714285714285714,1.6,1.0909090909090908,1,1.2358490566037736,1.5,1.3846153846153846,NA,1,1,1,1,1.125,1.0588235294117647,1.8333333333333333,84000,197000,11000,8000,48000,2000,131000,18000,18000,NA,2000,1000,3000,1000,9000,18000,11000
2018-01-01,BC,1.4,1.1849710982658959,1.2222222222222223,1.4545454545454546,1.1481481481481481,1,1.1981132075471699,1.4705882352941178,1.3076923076923077,NA,1.6666666666666667,2,1,1,1.1818181818181819,1.25,2.5,119000,205000,11000,16000,62000,3000,127000,25000,17000,NA,5000,2000,3000,1000,13000,25000,15000
2018-01-01,YT,1,1,NA,NA,NA,NA,NA,NA,NA,NA,NA,NA,NA,NA,NA,NA,NA,1000,1000,NA,NA,NA,NA,NA,NA,NA,NA,NA,NA,NA,NA,NA,NA,NA
2018-01-01,NT,1,1.5,NA,NA,NA,NA,1,NA,1,NA,NA,NA,NA,NA,NA,1,NA,1000,3000,NA,NA,NA,NA,2000,NA,1000,NA,NA,NA,NA,NA,NA,1000,NA
2018-01-01,NU,1,NA,NA,NA,NA,NA,NA,NA,NA,NA,NA,NA,NA,NA,NA,NA,NA,1000,NA,NA,NA,NA,NA,NA,NA,NA,NA,NA,NA,NA,NA,NA,NA,NA
2019-01-01,CA,1.3034901365705616,1.1527581329561527,1.253968253968254,1.380952380952381,1.0963855421686748,1.0689655172413792,1.1740112994350282,1.619718309859155,1.173913043478261,1,1.3333333333333333,1.1,1,1.4,1.077922077922078,1.1125,1.640625,859000,1630000,79000,87000,455000,31000,1039000,230000,135000,1000,24000,11000,25000,7000,83000,178000,105000
2019-01-01,NL,1.2857142857142858,1.064516129032258,1,NA,1,NA,1.1,2,1,NA,NA,NA,NA,NA,1,1,1,9000,33000,1000,NA,9000,NA,22000,2000,3000,NA,NA,NA,NA,NA,1000,2000,1000
2019-01-01,PE,1,1.4285714285714286,NA,NA,1,NA,1.4,1,1,NA,NA,NA,NA,NA,NA,1,NA,3000,10000,NA,NA,2000,NA,7000,1000,1000,NA,NA,NA,NA,NA,NA,1000,NA
2019-01-01,NS,1.1666666666666667,1.2708333333333333,1,1,1.2142857142857142,1,1.3448275862068966,1.25,1.25,NA,NA,NA,1,NA,1,1,2,21000,61000,2000,1000,17000,2000,39000,5000,5000,NA,NA,NA,1000,NA,2000,5000,2000
2019-01-01,NB,1.25,1.2758620689655173,1,1,0.875,NA,1.5,2,1.5,NA,NA,NA,NA,NA,1,1,2,15000,37000,1000,1000,7000,NA,27000,4000,3000,NA,NA,NA,NA,NA,2000,3000,2000
2019-01-01,QC,1.2222222222222223,1.110236220472441,1,1.2105263157894737,1.0434782608695652,1,1.12890625,1.2727272727272727,1.121212121212121,NA,1.25,1,1.1666666666666667,2,0.8571428571428571,1.2894736842105263,1.7142857142857142,198000,423000,16000,23000,96000,3000,289000,56000,37000,NA,5000,2000,7000,2000,12000,49000,24000
2019-01-01,ON,1.2873563218390804,1.1037527593818985,1.3478260869565217,1.5,1.096969696969697,1,1.1058823529411765,1.82,1.121212121212121,NA,1.5,1.25,0.9,1.5,1.096774193548387,0.984375,1.3333333333333333,336000,500000,31000,33000,181000,18000,282000,91000,37000,NA,9000,5000,9000,3000,34000,63000,40000
2019-01-01,MB,1.3571428571428572,1.1323529411764706,1,1.5,1,1,1.163265306122449,1.5555555555555556,1.3333333333333333,NA,1,NA,1,NA,1.3333333333333333,1.2,2,38000,77000,3000,3000,13000,1000,57000,14000,8000,NA,1000,NA,1000,NA,4000,6000,4000
2019-01-01,SK,1.411764705882353,1.1929824561403508,1,1,1.1428571428571428,1,1.236842105263158,2,1.2,NA,NA,NA,1,NA,1,1.25,1.5,24000,68000,2000,1000,16000,1000,47000,8000,6000,NA,NA,NA,1000,NA,3000,5000,3000
2019-01-01,AB,1.3968253968253967,1.2363636363636363,1.7142857142857142,1.6,1.0909090909090908,1,1.2924528301886793,1.6666666666666667,1.3846153846153846,NA,1,1,1,1,1.25,1.0588235294117647,1.8333333333333333,88000,204000,12000,8000,48000,2000,137000,20000,18000,NA,2000,1000,3000,1000,10000,18000,11000
2019-01-01,BC,1.4470588235294117,1.23121387283237,1.1111111111111112,1.5454545454545454,1.2037037037037037,0.6666666666666666,1.2452830188679245,1.6470588235294117,1.3076923076923077,NA,1.6666666666666667,2,1,1,1.1818181818181819,1.25,2.6666666666666665,123000,213000,10000,17000,65000,2000,132000,28000,17000,NA,5000,2000,3000,1000,13000,25000,16000
2019-01-01,YT,1,1,NA,NA,NA,NA,NA,NA,NA,NA,NA,NA,NA,NA,NA,NA,NA,1000,1000,NA,NA,NA,NA,NA,NA,NA,NA,NA,NA,NA,NA,NA,NA,NA
2019-01-01,NT,2,1.5,NA,NA,NA,NA,1,NA,1,NA,NA,NA,NA,NA,NA,1,NA,2000,3000,NA,NA,NA,NA,2000,NA,1000,NA,NA,NA,NA,NA,NA,1000,NA
2019-01-01,NU,1,NA,NA,NA,NA,NA,NA,NA,NA,NA,NA,NA,NA,NA,NA,NA,NA,1000,NA,NA,NA,NA,NA,NA,NA,NA,NA,NA,NA,NA,NA,NA,NA,NA
2020-01-01,CA,1.1669195751138088,1.1407355021216408,0.9841269841269841,1.253968253968254,1.0602409638554218,1.0344827586206897,1.1717514124293786,1.4647887323943662,1.173913043478261,1,1.2222222222222223,1.1,0.92,1.2,0.961038961038961,1,1.484375,769000,1613000,62000,79000,440000,30000,1037000,208000,135000,1000,22000,11000,23000,6000,74000,160000,95000
2020-01-01,NL,1.1428571428571428,1.032258064516129,1,NA,0.8888888888888888,NA,1.1,2,1,NA,NA,NA,NA,NA,1,1,1,8000,32000,1000,NA,8000,NA,22000,2000,3000,NA,NA,NA,NA,NA,1000,2000,1000
2020-01-01,PE,1,1.5714285714285714,NA,NA,1,NA,1.8,1,1,NA,NA,NA,NA,NA,NA,1,NA,3000,11000,NA,NA,2000,NA,9000,1000,1000,NA,NA,NA,NA,NA,NA,1000,NA
2020-01-01,NS,1.1111111111111112,1.25,0.5,1,1.1428571428571428,1.5,1.3448275862068966,1.25,1.25,NA,NA,NA,1,NA,1,0.8,2,20000,60000,1000,1000,16000,3000,39000,5000,5000,NA,NA,NA,1000,NA,2000,4000,2000
2020-01-01,NB,1.1666666666666667,1.3103448275862069,1,1,0.875,NA,1.5555555555555556,2,1.5,NA,NA,NA,NA,NA,1,1,2,14000,38000,1000,1000,7000,NA,28000,4000,3000,NA,NA,NA,NA,NA,2000,3000,2000
2020-01-01,QC,1.1358024691358024,1.110236220472441,0.8125,1.105263157894737,1.0108695652173914,1,1.14453125,1.2272727272727273,1.1515151515151516,NA,1.25,1,1,1,0.7142857142857143,1.236842105263158,1.5714285714285714,184000,423000,13000,21000,93000,3000,293000,54000,38000,NA,5000,2000,6000,1000,10000,47000,22000
2020-01-01,ON,1.1302681992337165,1.0838852097130243,1.0869565217391304,1.3181818181818181,1.0727272727272728,0.9444444444444444,1.0901960784313725,1.58,1.0909090909090908,NA,1.3333333333333333,1.25,0.8,1,0.967741935483871,0.84375,1.2333333333333334,295000,491000,25000,29000,177000,17000,278000,79000,36000,NA,8000,5000,8000,2000,30000,54000,37000
2020-01-01,MB,1.2142857142857142,1.088235294117647,1,1.5,0.9230769230769231,1,1.1224489795918366,1.3333333333333333,1.3333333333333333,NA,1,NA,1,NA,1.3333333333333333,1,2,34000,74000,3000,3000,12000,1000,55000,12000,8000,NA,1000,NA,1000,NA,4000,5000,4000
2020-01-01,SK,1.2941176470588236,1.1929824561403508,0.5,1,1.0714285714285714,1,1.236842105263158,1.75,1.2,NA,NA,NA,1,NA,1,1,1.5,22000,68000,1000,1000,15000,1000,47000,7000,6000,NA,NA,NA,1000,NA,3000,4000,3000
2020-01-01,AB,1.2063492063492063,1.187878787878788,1.1428571428571428,1.4,1,1,1.2641509433962264,1.5,1.3846153846153846,NA,1,1,0.6666666666666666,1,1.125,0.8823529411764706,1.6666666666666667,76000,196000,8000,7000,44000,2000,134000,18000,18000,NA,2000,1000,2000,1000,9000,15000,10000
2020-01-01,BC,1.3058823529411765,1.2369942196531791,0.8888888888888888,1.3636363636363635,1.2407407407407407,0.6666666666666666,1.2264150943396226,1.4705882352941178,1.3076923076923077,NA,1.6666666666666667,2,1,1,1.0909090909090908,1.15,2.3333333333333335,111000,214000,8000,15000,67000,2000,130000,25000,17000,NA,5000,2000,3000,1000,12000,23000,14000
2020-01-01,YT,1,1,NA,NA,NA,NA,1,NA,NA,NA,NA,NA,NA,NA,NA,NA,NA,1000,1000,NA,NA,NA,NA,1000,NA,NA,NA,NA,NA,NA,NA,NA,NA,NA
2020-01-01,NT,1,1.5,NA,NA,NA,NA,1,NA,1,NA,NA,NA,NA,NA,NA,1,NA,1000,3000,NA,NA,NA,NA,2000,NA,1000,NA,NA,NA,NA,NA,NA,1000,NA
2020-01-01,NU,1,NA,NA,NA,NA,NA,NA,NA,NA,NA,NA,NA,NA,NA,NA,NA,NA,1000,NA,NA,NA,NA,NA,NA,NA,NA,NA,NA,NA,NA,NA,NA,NA,NA
2021-01-01,CA,1.267071320182094,1.1888260254596887,1.0634920634920635,1.3650793650793651,1.0819277108433736,1.1379310344827587,1.232768361581921,1.6549295774647887,1.2347826086956522,1,1.2777777777777777,1.4,0.96,1.2,0.948051948051948,1.06875,1.59375,835000,1681000,67000,86000,449000,33000,1091000,235000,142000,1000,23000,14000,24000,6000,73000,171000,102000
2021-01-01,NL,1.1428571428571428,1.096774193548387,1,NA,0.8888888888888888,NA,1.15,2,1,NA,NA,NA,NA,NA,1,1,1,8000,34000,1000,NA,8000,NA,23000,2000,3000,NA,NA,NA,NA,NA,1000,2000,1000
2021-01-01,PE,1,1.8571428571428572,NA,NA,1,NA,2,1,1,NA,NA,NA,NA,NA,NA,1,NA,3000,13000,NA,NA,2000,NA,10000,1000,1000,NA,NA,NA,NA,NA,NA,1000,NA
2021-01-01,NS,1.2222222222222223,1.2916666666666667,1,1,1.2142857142857142,1.5,1.3793103448275863,1.25,1.25,NA,NA,NA,1,NA,1,1,2,22000,62000,2000,1000,17000,3000,40000,5000,5000,NA,NA,NA,1000,NA,2000,5000,2000
2021-01-01,NB,1.25,1.4137931034482758,1,1,0.875,1,1.6111111111111112,2,2,NA,NA,NA,NA,NA,1,1,2,15000,41000,1000,1000,7000,1000,29000,4000,4000,NA,NA,NA,NA,NA,2000,3000,2000
2021-01-01,QC,1.228395061728395,1.1574803149606299,0.9375,1.263157894736842,1.0217391304347827,1.3333333333333333,1.19921875,1.2954545454545454,1.2121212121212122,NA,1.25,1.5,1.1666666666666667,1,0.7142857142857143,1.3157894736842106,1.6428571428571428,199000,441000,15000,24000,94000,4000,307000,57000,40000,NA,5000,3000,7000,1000,10000,50000,23000
2021-01-01,ON,1.2490421455938698,1.1390728476821192,1.1304347826086956,1.4090909090909092,1.121212121212121,1.0555555555555556,1.1490196078431372,1.94,1.1515151515151516,NA,1.3333333333333333,1.5,0.8,1,0.967741935483871,0.90625,1.3,326000,516000,26000,31000,185000,19000,293000,97000,38000,NA,8000,6000,8000,2000,30000,58000,39000
2021-01-01,MB,1.2857142857142858,1.1323529411764706,1,1.5,1,2,1.163265306122449,1.4444444444444444,1.1666666666666667,NA,1,NA,1,NA,1.3333333333333333,1,2,36000,77000,3000,3000,13000,2000,57000,13000,7000,NA,1000,NA,1000,NA,4000,5000,4000
2021-01-01,SK,1.411764705882353,1.2456140350877194,1,1,1.0714285714285714,1,1.3157894736842106,2,1.2,NA,NA,NA,1,NA,1,1,1.5,24000,71000,2000,1000,15000,1000,50000,8000,6000,NA,NA,NA,1000,NA,3000,4000,3000
2021-01-01,AB,1.2698412698412698,1.2424242424242424,1.2857142857142858,1.6,1.0227272727272727,1,1.330188679245283,1.6666666666666667,1.3846153846153846,NA,1,1,0.6666666666666666,1,1,0.9411764705882353,1.8333333333333333,80000,205000,9000,8000,45000,2000,141000,20000,18000,NA,2000,1000,2000,1000,8000,16000,11000
2021-01-01,BC,1.4,1.2485549132947977,1,1.5454545454545454,1.1481481481481481,0.6666666666666666,1.2830188679245282,1.588235294117647,1.3846153846153846,NA,1.6666666666666667,2,1,1,1.0909090909090908,1.25,2.5,119000,216000,9000,17000,62000,2000,136000,27000,18000,NA,5000,2000,3000,1000,12000,25000,15000
2021-01-01,YT,1,1,NA,NA,NA,NA,1,NA,NA,NA,NA,NA,NA,NA,NA,NA,NA,1000,1000,NA,NA,NA,NA,1000,NA,NA,NA,NA,NA,NA,NA,NA,NA,NA
2021-01-01,NT,2,1.5,NA,NA,1,NA,1,NA,1,NA,NA,NA,NA,NA,NA,1,NA,2000,3000,NA,NA,1000,NA,2000,NA,1000,NA,NA,NA,NA,NA,NA,1000,NA
2021-01-01,NU,1,NA,NA,NA,NA,NA,NA,NA,NA,NA,NA,NA,NA,NA,NA,NA,NA,1000,NA,NA,NA,NA,NA,NA,NA,NA,NA,NA,NA,NA,NA,NA,NA,NA
