refDate,geo,valNormP_TotNPOs,valNormP_BusNPOs,valNormP_CommNPOs,valNormP_GovNPOs,valNorm_TotNPOs,valNorm_BusNPOs,valNorm_CommNPOs,valNorm_GovNPOs,label_TotNPOs,label_BusNPOs,label_CommNPOs,label_GovNPOs
2007-01-01,AB,1,1,1,1,23169000000,3093000000,5373000000,14704000000,$23.2B,$3.1B,$5.4B,$14.7B
2007-01-01,BC,1,1,1,1,25249000000,3867000000,5364000000,16018000000,$25.2B,$3.9B,$5.4B,$16.0B
2007-01-01,CA,1,1,1,1,181575000000,25046000000,42752000000,113777000000,$181.6B,$25.0B,$42.8B,$113.8B
2007-01-01,MB,1,1,1,1,6389000000,802000000,1281000000,4306000000,$6.4B,$802.0M,$1.3B,$4.3B
2007-01-01,NB,1,1,1,1,3438000000,554000000,645000000,2239000000,$3.4B,$554.0M,$645.0M,$2.2B
2007-01-01,NL,1,1,1,1,3211000000,359000000,334000000,2518000000,$3.2B,$359.0M,$334.0M,$2.5B
2007-01-01,NS,1,1,1,1,5320000000,559000000,1170000000,3591000000,$5.3B,$559.0M,$1.2B,$3.6B
2007-01-01,NT,1,1,1,1,429000000,89000000,84000000,256000000,$429.0M,$89.0M,$84.0M,$256.0M
2007-01-01,NU,1,1,1,1,146000000,45000000,66000000,35000000,$146.0M,$45.0M,$66.0M,$35.0M
2007-01-01,ON,1,1,1,1,66865000000,9569000000,17293000000,40003000000,$66.9B,$9.6B,$17.3B,$40.0B
2007-01-01,PE,1,1,1,1,789000000,88000000,114000000,587000000,$789.0M,$88.0M,$114.0M,$587.0M
2007-01-01,QC,1,1,1,1,40561000000,5351000000,9965000000,25245000000,$40.6B,$5.4B,$10.0B,$25.2B
2007-01-01,SK,1,1,1,1,5821000000,647000000,994000000,4180000000,$5.8B,$647.0M,$994.0M,$4.2B
2007-01-01,YT,1,1,1,1,177000000,24000000,59000000,94000000,$177.0M,$24.0M,$59.0M,$94.0M
2008-01-01,AB,1.0629289136345978,1.11639185257032,1.1096221849990695,1.0345484221980414,24627000000,3453000000,5962000000,15212000000,$24.6B,$3.5B,$6.0B,$15.2B
2008-01-01,BC,1.0520020594875044,1.1163692785104733,1.0646905294556301,1.0322137595205394,26562000000,4317000000,5711000000,16534000000,$26.6B,$4.3B,$5.7B,$16.5B
2008-01-01,CA,1.048652072146496,1.1163059969655833,1.0736105913173652,1.0243810260421702,190409000000,27959000000,45899000000,116551000000,$190.4B,$28.0B,$45.9B,$116.6B
2008-01-01,MB,1.0477383002034748,1.1159600997506234,1.064793130366901,1.0299581978634464,6694000000,895000000,1364000000,4435000000,$6.7B,$895.0M,$1.4B,$4.4B
2008-01-01,NB,1.0381035485747527,1.1155234657039712,1.0496124031007752,1.0151853506029478,3569000000,618000000,677000000,2273000000,$3.6B,$618.0M,$677.0M,$2.3B
2008-01-01,NL,1.0345686701962005,1.116991643454039,1.0598802395209581,1.0198570293884035,3322000000,401000000,354000000,2568000000,$3.3B,$401.0M,$354.0M,$2.6B
2008-01-01,NS,1.030639097744361,1.1162790697674418,1.0547008547008547,1.0094681147312727,5483000000,624000000,1234000000,3625000000,$5.5B,$624.0M,$1.2B,$3.6B
2008-01-01,NT,1.062937062937063,1.1235955056179776,1.0595238095238095,1.046875,456000000,100000000,89000000,268000000,$456.0M,$100.0M,$89.0M,$268.0M
2008-01-01,NU,1.0753424657534247,1.1111111111111112,1.0909090909090908,0.9714285714285714,157000000,50000000,72000000,34000000,$157.0M,$50.0M,$72.0M,$34.0M
2008-01-01,ON,1.0428325730950423,1.1163130943672275,1.0605447290811312,1.0175986800989927,69729000000,10682000000,18340000000,40707000000,$69.7B,$10.7B,$18.3B,$40.7B
2008-01-01,PE,1.035487959442332,1.1136363636363635,1.0087719298245614,1.028960817717206,817000000,98000000,115000000,604000000,$817.0M,$98.0M,$115.0M,$604.0M
2008-01-01,QC,1.0530312369024433,1.1162399551485704,1.0860010035122931,1.0266191325014855,42712000000,5973000000,10822000000,25917000000,$42.7B,$6.0B,$10.8B,$25.9B
2008-01-01,SK,1.045181240336712,1.1159196290571871,1.091549295774648,1.0232057416267943,6084000000,722000000,1085000000,4277000000,$6.1B,$722.0M,$1.1B,$4.3B
2008-01-01,YT,1.0564971751412429,1.125,1.0677966101694916,1.0319148936170213,187000000,27000000,63000000,97000000,$187.0M,$27.0M,$63.0M,$97.0M
2009-01-01,AB,1.1006517329189867,1.2398965405754931,1.03964265773311,1.0936479869423286,25501000000,3835000000,5586000000,16081000000,$25.5B,$3.8B,$5.6B,$16.1B
2009-01-01,BC,1.117509604340766,1.2399793121282647,1.057233407904549,1.1081907853664628,28216000000,4795000000,5671000000,17751000000,$28.2B,$4.8B,$5.7B,$17.8B
2009-01-01,CA,1.1175547294506403,1.2398786233330672,1.0911302395209581,1.1005563514594339,202920000000,31054000000,46648000000,125218000000,$202.9B,$31.1B,$46.6B,$125.2B
2009-01-01,MB,1.1130067303177336,1.2394014962593516,1.1053864168618266,1.0915002322340919,7111000000,994000000,1416000000,4700000000,$7.1B,$994.0M,$1.4B,$4.7B
2009-01-01,NB,1.1323443862710878,1.240072202166065,1.082170542635659,1.1205895489057616,3893000000,687000000,698000000,2509000000,$3.9B,$687.0M,$698.0M,$2.5B
2009-01-01,NL,1.1136717533478666,1.2395543175487465,1.188622754491018,1.0861795075456713,3576000000,445000000,397000000,2735000000,$3.6B,$445.0M,$397.0M,$2.7B
2009-01-01,NS,1.106015037593985,1.2397137745974955,1.117948717948718,1.0813143971038708,5884000000,693000000,1308000000,3883000000,$5.9B,$693.0M,$1.3B,$3.9B
2009-01-01,NT,1.1538461538461537,1.247191011235955,1.0714285714285714,1.1484375,495000000,111000000,90000000,294000000,$495.0M,$111.0M,$90.0M,$294.0M
2009-01-01,NU,1.143835616438356,1.2444444444444445,1.1515151515151516,1,167000000,56000000,76000000,35000000,$167.0M,$56.0M,$76.0M,$35.0M
2009-01-01,ON,1.1224257832946982,1.2398369735604557,1.0849476666859423,1.110541709371797,75051000000,11864000000,18762000000,44425000000,$75.1B,$11.9B,$18.8B,$44.4B
2009-01-01,PE,1.1254752851711027,1.2386363636363635,1.087719298245614,1.1175468483816013,888000000,109000000,124000000,656000000,$888.0M,$109.0M,$124.0M,$656.0M
2009-01-01,QC,1.1181183895860556,1.2397682676135302,1.1258404415454089,1.0892850069320656,45352000000,6634000000,11219000000,27499000000,$45.4B,$6.6B,$11.2B,$27.5B
2009-01-01,SK,1.129359216629445,1.239567233384853,1.2293762575452716,1.0882775119617225,6574000000,802000000,1222000000,4549000000,$6.6B,$802.0M,$1.2B,$4.5B
2009-01-01,YT,1.1299435028248588,1.25,1.152542372881356,1.074468085106383,200000000,30000000,68000000,101000000,$200.0M,$30.0M,$68.0M,$101.0M
2010-01-01,AB,1.150157538089689,1.268671193016489,1.1273031825795645,1.1334330794341676,26648000000,3924000000,6057000000,16666000000,$26.6B,$3.9B,$6.1B,$16.7B
2010-01-01,BC,1.1604023921739475,1.2686837341608481,1.122296793437733,1.146959670370833,29299000000,4906000000,6020000000,18372000000,$29.3B,$4.9B,$6.0B,$18.4B
2010-01-01,CA,1.1586617100371748,1.2687455082647927,1.1506128368263473,1.1374530880582192,210384000000,31777000000,49191000000,129416000000,$210.4B,$31.8B,$49.2B,$129.4B
2010-01-01,MB,1.1558929409923306,1.2693266832917707,1.1959406713505074,1.1230840687412913,7385000000,1018000000,1532000000,4836000000,$7.4B,$1.0B,$1.5B,$4.8B
2010-01-01,NB,1.1751018033740548,1.2689530685920578,1.151937984496124,1.1585529254131308,4040000000,703000000,743000000,2594000000,$4.0B,$703.0M,$743.0M,$2.6B
2010-01-01,NL,1.1616318903768297,1.267409470752089,1.281437125748503,1.1302621127879269,3730000000,455000000,428000000,2846000000,$3.7B,$455.0M,$428.0M,$2.8B
2010-01-01,NS,1.143421052631579,1.2683363148479427,1.1572649572649574,1.1194653299916457,6083000000,709000000,1354000000,4020000000,$6.1B,$709.0M,$1.4B,$4.0B
2010-01-01,NT,1.1934731934731935,1.2696629213483146,1.1785714285714286,1.171875,512000000,113000000,99000000,300000000,$512.0M,$113.0M,$99.0M,$300.0M
2010-01-01,NU,1.2054794520547945,1.2666666666666666,1.2424242424242424,1.0285714285714285,176000000,57000000,82000000,36000000,$176.0M,$57.0M,$82.0M,$36.0M
2010-01-01,ON,1.1617587676661931,1.2686801128644583,1.1378014225409125,1.146539009574282,77681000000,12140000000,19676000000,45865000000,$77.7B,$12.1B,$19.7B,$45.9B
2010-01-01,PE,1.1989860583016476,1.2613636363636365,1.1491228070175439,1.1976149914821124,946000000,111000000,131000000,703000000,$946.0M,$111.0M,$131.0M,$703.0M
2010-01-01,QC,1.1531766968270014,1.2687348159222576,1.1748118414450577,1.1201426024955436,46774000000,6789000000,11707000000,28278000000,$46.8B,$6.8B,$11.7B,$28.3B
2010-01-01,SK,1.1824428792303727,1.267387944358578,1.2796780684104627,1.1461722488038277,6883000000,820000000,1272000000,4791000000,$6.9B,$820.0M,$1.3B,$4.8B
2010-01-01,YT,1.2203389830508475,1.2916666666666667,1.3220338983050848,1.148936170212766,216000000,31000000,78000000,108000000,$216.0M,$31.0M,$78.0M,$108.0M
2011-01-01,AB,1.19772109283957,1.3462657613967022,1.1462869905080961,1.185119695321001,27750000000,4164000000,6159000000,17426000000,$27.8B,$4.2B,$6.2B,$17.4B
2011-01-01,BC,1.21537486633134,1.3635893457460564,1.1066368381804623,1.2160069921338494,30687000000,5273000000,5936000000,19478000000,$30.7B,$5.3B,$5.9B,$19.5B
2011-01-01,CA,1.2133828996282527,1.332508184939711,1.1769741766467066,1.200840240118829,220320000000,33374000000,50318000000,136628000000,$220.3B,$33.4B,$50.3B,$136.6B
2011-01-01,MB,1.2283612458913757,1.4251870324189526,1.2607338017174083,1.1820715281003251,7848000000,1143000000,1615000000,5090000000,$7.8B,$1.1B,$1.6B,$5.1B
2011-01-01,NB,1.2309482257126236,1.3736462093862816,1.1271317829457363,1.225547119249665,4232000000,761000000,727000000,2744000000,$4.2B,$761.0M,$727.0M,$2.7B
2011-01-01,NL,1.232014948614139,1.3008356545961002,1.2964071856287425,1.2136616362192216,3956000000,467000000,433000000,3056000000,$4.0B,$467.0M,$433.0M,$3.1B
2011-01-01,NS,1.186654135338346,1.1305903398926656,1.2153846153846153,1.1860206070732386,6313000000,632000000,1422000000,4259000000,$6.3B,$632.0M,$1.4B,$4.3B
2011-01-01,NT,1.2074592074592074,1.1235955056179776,1.2142857142857142,1.234375,518000000,100000000,102000000,316000000,$518.0M,$100.0M,$102.0M,$316.0M
2011-01-01,NU,1.321917808219178,1.488888888888889,1.303030303030303,1.1428571428571428,193000000,67000000,86000000,40000000,$193.0M,$67.0M,$86.0M,$40.0M
2011-01-01,ON,1.2183204965228445,1.3416239941477688,1.1702422945700572,1.2096092793040523,81463000000,12838000000,20237000000,48388000000,$81.5B,$12.8B,$20.2B,$48.4B
2011-01-01,PE,1.285171102661597,1.3636363636363635,1.1842105263157894,1.293015332197615,1014000000,120000000,135000000,759000000,$1.0B,$120.0M,$135.0M,$759.0M
2011-01-01,QC,1.2057395034639184,1.2950850308353579,1.20822880080281,1.1858189740542682,48906000000,6930000000,12040000000,29936000000,$48.9B,$6.9B,$12.0B,$29.9B
2011-01-01,SK,1.2382752104449408,1.312210200927357,1.3440643863179074,1.2014354066985646,7208000000,849000000,1336000000,5022000000,$7.2B,$849.0M,$1.3B,$5.0B
2011-01-01,YT,1.2542372881355932,1.2916666666666667,1.3389830508474576,1.1914893617021276,222000000,31000000,79000000,112000000,$222.0M,$31.0M,$79.0M,$112.0M
2012-01-01,AB,1.2471837368898098,1.502748140963466,1.1669458403126745,1.2226605005440696,28896000000,4648000000,6270000000,17978000000,$28.9B,$4.6B,$6.3B,$18.0B
2012-01-01,BC,1.2501485207334944,1.4284975433152314,1.1129753914988814,1.252965413909352,31565000000,5524000000,5970000000,20070000000,$31.6B,$5.5B,$6.0B,$20.1B
2012-01-01,CA,1.2495167286245352,1.3894833506348319,1.1950084206586826,1.2391871819436266,226881000000,34801000000,51089000000,140991000000,$226.9B,$34.8B,$51.1B,$141.0B
2012-01-01,MB,1.2473000469557052,1.3927680798004987,1.2669789227166277,1.2143520668834185,7969000000,1117000000,1623000000,5229000000,$8.0B,$1.1B,$1.6B,$5.2B
2012-01-01,NB,1.256544502617801,1.5018050541516246,1.137984496124031,1.2300133988387674,4320000000,832000000,734000000,2754000000,$4.3B,$832.0M,$734.0M,$2.8B
2012-01-01,NL,1.2662721893491125,1.4011142061281336,1.3832335329341316,1.2315329626687848,4066000000,503000000,462000000,3101000000,$4.1B,$503.0M,$462.0M,$3.1B
2012-01-01,NS,1.2276315789473684,1.3524150268336315,1.2692307692307692,1.1946532999164579,6531000000,756000000,1485000000,4290000000,$6.5B,$756.0M,$1.5B,$4.3B
2012-01-01,NT,1.2027972027972027,1.0898876404494382,1.1666666666666667,1.25,516000000,97000000,98000000,320000000,$516.0M,$97.0M,$98.0M,$320.0M
2012-01-01,NU,1.4452054794520548,1.7555555555555555,1.393939393939394,1.1428571428571428,211000000,79000000,92000000,40000000,$211.0M,$79.0M,$92.0M,$40.0M
2012-01-01,ON,1.2527181634636955,1.3707806458355105,1.1801306887179783,1.2558558108141888,83763000000,13117000000,20408000000,50238000000,$83.8B,$13.1B,$20.4B,$50.2B
2012-01-01,PE,1.3193916349809887,1.2613636363636365,1.1842105263157894,1.354344122657581,1041000000,111000000,135000000,795000000,$1.0B,$111.0M,$135.0M,$795.0M
2012-01-01,QC,1.239713024826804,1.3412446271724912,1.2304064224786753,1.2218261041790452,50284000000,7177000000,12261000000,30845000000,$50.3B,$7.2B,$12.3B,$30.8B
2012-01-01,SK,1.2858615358185879,1.2534775888717156,1.4678068410462777,1.2476076555023923,7485000000,811000000,1459000000,5215000000,$7.5B,$811.0M,$1.5B,$5.2B
2012-01-01,YT,1.265536723163842,1.1666666666666667,1.3728813559322033,1.2234042553191489,224000000,28000000,81000000,115000000,$224.0M,$28.0M,$81.0M,$115.0M
2013-01-01,AB,1.3003582372998403,1.520206918849014,1.2300390843104412,1.2797198041349294,30128000000,4702000000,6609000000,18817000000,$30.1B,$4.7B,$6.6B,$18.8B
2013-01-01,BC,1.2899916828389244,1.417895009050944,1.1493288590604027,1.3062180047446623,32571000000,5483000000,6165000000,20923000000,$32.6B,$5.5B,$6.2B,$20.9B
2013-01-01,CA,1.2854357703428336,1.3747504591551545,1.2212761976047903,1.2898828409959833,233403000000,34432000000,52212000000,146759000000,$233.4B,$34.4B,$52.2B,$146.8B
2013-01-01,MB,1.2962904992956645,1.440149625935162,1.3153786104605776,1.2640501625638643,8282000000,1155000000,1685000000,5443000000,$8.3B,$1.2B,$1.7B,$5.4B
2013-01-01,NB,1.277196044211751,1.4584837545126355,1.1736434108527132,1.262617239839214,4391000000,808000000,757000000,2827000000,$4.4B,$808.0M,$757.0M,$2.8B
2013-01-01,NL,1.2943008408595453,1.3314763231197773,1.4311377245508983,1.2708498808578237,4156000000,478000000,478000000,3200000000,$4.2B,$478.0M,$478.0M,$3.2B
2013-01-01,NS,1.2511278195488722,1.2611806797853309,1.2735042735042734,1.2422723475355055,6656000000,705000000,1490000000,4461000000,$6.7B,$705.0M,$1.5B,$4.5B
2013-01-01,NT,1.2937062937062938,1.3258426966292134,1.2023809523809523,1.31640625,555000000,118000000,101000000,337000000,$555.0M,$118.0M,$101.0M,$337.0M
2013-01-01,NU,1.36986301369863,1.488888888888889,1.4090909090909092,1.1714285714285715,200000000,67000000,93000000,41000000,$200.0M,$67.0M,$93.0M,$41.0M
2013-01-01,ON,1.2821057354370746,1.3482077542062911,1.1790898051234604,1.3108266879984,85728000000,12901000000,20390000000,52437000000,$85.7B,$12.9B,$20.4B,$52.4B
2013-01-01,PE,1.347275031685678,1.1590909090909092,1.2456140350877194,1.393526405451448,1063000000,102000000,142000000,818000000,$1.1B,$102.0M,$142.0M,$818.0M
2013-01-01,QC,1.2745987524962403,1.3261072696692207,1.271450075263422,1.2649237472766885,51699000000,7096000000,12670000000,31933000000,$51.7B,$7.1B,$12.7B,$31.9B
2013-01-01,SK,1.3282941075416594,1.2210200927357033,1.5472837022132797,1.2930622009569377,7732000000,790000000,1538000000,5405000000,$7.7B,$790.0M,$1.5B,$5.4B
2013-01-01,YT,1.305084745762712,1.2083333333333333,1.423728813559322,1.2446808510638299,231000000,29000000,84000000,117000000,$231.0M,$29.0M,$84.0M,$117.0M
2014-01-01,AB,1.3231041477836765,1.3902360168121566,1.2957379490042806,1.31889281828074,30655000000,4300000000,6962000000,19393000000,$30.7B,$4.3B,$7.0B,$19.4B
2014-01-01,BC,1.2968434393441324,1.2759244892681665,1.1899701715137956,1.3376826070670496,32744000000,4934000000,6383000000,21427000000,$32.7B,$4.9B,$6.4B,$21.4B
2014-01-01,CA,1.2896544127770893,1.2075780563762677,1.2613912799401197,1.3183420199161517,234169000000,30245000000,53927000000,149997000000,$234.2B,$30.2B,$53.9B,$150.0B
2014-01-01,MB,1.3277508217248395,1.2755610972568578,1.4660421545667448,1.2963307013469578,8483000000,1023000000,1878000000,5582000000,$8.5B,$1.0B,$1.9B,$5.6B
2014-01-01,NB,1.280977312390925,1.2545126353790614,1.206201550387597,1.3090665475658776,4404000000,695000000,778000000,2931000000,$4.4B,$695.0M,$778.0M,$2.9B
2014-01-01,NL,1.3067580193086266,1.192200557103064,1.4550898203592815,1.3034154090548054,4196000000,428000000,486000000,3282000000,$4.2B,$428.0M,$486.0M,$3.3B
2014-01-01,NS,1.2671052631578947,1.1162790697674418,1.323076923076923,1.2723475355054303,6741000000,624000000,1548000000,4569000000,$6.7B,$624.0M,$1.5B,$4.6B
2014-01-01,NT,1.2703962703962703,1.1685393258426966,1.2142857142857142,1.32421875,545000000,104000000,102000000,339000000,$545.0M,$104.0M,$102.0M,$339.0M
2014-01-01,NU,1.3356164383561644,1.3111111111111111,1.4393939393939394,1.1714285714285715,195000000,59000000,95000000,41000000,$195.0M,$59.0M,$95.0M,$41.0M
2014-01-01,ON,1.2817617587676662,1.1768209844288848,1.2089862950326722,1.3382996275279353,85705000000,11261000000,20907000000,53536000000,$85.7B,$11.3B,$20.9B,$53.5B
2014-01-01,PE,1.3548795944233207,1.0340909090909092,1.3070175438596492,1.4122657580919933,1069000000,91000000,149000000,829000000,$1.1B,$91.0M,$149.0M,$829.0M
2014-01-01,QC,1.268090037227879,1.1227807886376377,1.3007526342197693,1.2859576153693801,51435000000,6008000000,12962000000,32464000000,$51.4B,$6.0B,$13.0B,$32.5B
2014-01-01,SK,1.3315581515203574,1.0695517774343122,1.585513078470825,1.3114832535885168,7751000000,692000000,1576000000,5482000000,$7.8B,$692.0M,$1.6B,$5.5B
2014-01-01,YT,1.344632768361582,1.0833333333333333,1.5593220338983051,1.2872340425531914,238000000,26000000,92000000,121000000,$238.0M,$26.0M,$92.0M,$121.0M
2015-01-01,AB,1.381242177046916,1.7158098933074686,1.3009491903964265,1.3401795429815015,32002000000,5307000000,6990000000,19706000000,$32.0B,$5.3B,$7.0B,$19.7B
2015-01-01,BC,1.3909461760861817,1.6252909231962762,1.226882923191648,1.3893120239730303,35120000000,6285000000,6581000000,22254000000,$35.1B,$6.3B,$6.6B,$22.3B
2015-01-01,CA,1.3548781495249897,1.494530064680987,1.2697885479041917,1.3561088796505445,246012000000,37432000000,54286000000,154294000000,$246.0B,$37.4B,$54.3B,$154.3B
2015-01-01,MB,1.4066364063233683,1.4688279301745637,1.515222482435597,1.3625174175568973,8987000000,1178000000,1941000000,5867000000,$9.0B,$1.2B,$1.9B,$5.9B
2015-01-01,NB,1.3286794648051192,1.5342960288808665,1.213953488372093,1.3112996873604288,4568000000,850000000,783000000,2936000000,$4.6B,$850.0M,$783.0M,$2.9B
2015-01-01,NL,1.3646838990968546,1.4874651810584958,1.4850299401197604,1.3312152501985703,4382000000,534000000,496000000,3352000000,$4.4B,$534.0M,$496.0M,$3.4B
2015-01-01,NS,1.3225563909774436,1.4275491949910555,1.3299145299145299,1.3038150932887775,7036000000,798000000,1556000000,4682000000,$7.0B,$798.0M,$1.6B,$4.7B
2015-01-01,NT,1.372960372960373,1.4719101123595506,1.2857142857142858,1.3671875,589000000,131000000,108000000,350000000,$589.0M,$131.0M,$108.0M,$350.0M
2015-01-01,NU,1.3904109589041096,1.4222222222222223,1.4393939393939394,1.2571428571428571,203000000,64000000,95000000,44000000,$203.0M,$64.0M,$95.0M,$44.0M
2015-01-01,ON,1.343827114334854,1.4443515518862995,1.2011796680737872,1.3814463915206359,89855000000,13821000000,20772000000,55262000000,$89.9B,$13.8B,$20.8B,$55.3B
2015-01-01,PE,1.409378960709759,1.25,1.2894736842105263,1.4565587734241907,1112000000,110000000,147000000,855000000,$1.1B,$110.0M,$147.0M,$855.0M
2015-01-01,QC,1.322847069845418,1.3881517473369465,1.312393376818866,1.3130917013269954,53656000000,7428000000,13078000000,33149000000,$53.7B,$7.4B,$13.1B,$33.1B
2015-01-01,SK,1.415907919601443,1.3833075734157652,1.6468812877263581,1.3660287081339713,8242000000,895000000,1637000000,5710000000,$8.2B,$895.0M,$1.6B,$5.7B
2015-01-01,YT,1.4180790960451977,1.2916666666666667,1.576271186440678,1.351063829787234,251000000,31000000,93000000,127000000,$251.0M,$31.0M,$93.0M,$127.0M
2016-01-01,AB,1.4772756700763952,1.6799224054316197,1.2685650474595198,1.5108133841131666,34227000000,5196000000,6816000000,22215000000,$34.2B,$5.2B,$6.8B,$22.2B
2016-01-01,BC,1.5019208681531941,1.795707266614947,1.3570096942580163,1.4795230365838432,37922000000,6944000000,7279000000,23699000000,$37.9B,$6.9B,$7.3B,$23.7B
2016-01-01,CA,1.4037505163155721,1.5941866964784797,1.3187921032934131,1.3937526916687908,254886000000,39928000000,56381000000,158577000000,$254.9B,$39.9B,$56.4B,$158.6B
2016-01-01,MB,1.3222726561277196,1.5124688279301746,1.6018735362997658,1.2036692986530422,8448000000,1213000000,2052000000,5183000000,$8.4B,$1.2B,$2.1B,$5.2B
2016-01-01,NB,1.3502036067481094,1.6227436823104693,1.296124031007752,1.2983474765520322,4642000000,899000000,836000000,2907000000,$4.6B,$899.0M,$836.0M,$2.9B
2016-01-01,NL,1.5331672376206789,1.6935933147632312,1.5209580838323353,1.511914217633042,4923000000,608000000,508000000,3807000000,$4.9B,$608.0M,$508.0M,$3.8B
2016-01-01,NS,1.21296992481203,1.8014311270125223,1.3521367521367522,1.0760233918128654,6453000000,1007000000,1582000000,3864000000,$6.5B,$1.0B,$1.6B,$3.9B
2016-01-01,NT,1.529137529137529,1.5730337078651686,1.2738095238095237,1.59765625,656000000,140000000,107000000,409000000,$656.0M,$140.0M,$107.0M,$409.0M
2016-01-01,NU,1.4589041095890412,1.5333333333333334,1.5454545454545454,1.2,213000000,69000000,102000000,42000000,$213.0M,$69.0M,$102.0M,$42.0M
2016-01-01,ON,1.333747102370448,1.5111296896227402,1.2599895911640548,1.3232007599430042,89181000000,14460000000,21789000000,52932000000,$89.2B,$14.5B,$21.8B,$52.9B
2016-01-01,PE,1.5944233206590621,1.3295454545454546,1.3508771929824561,1.6814310051107326,1258000000,117000000,154000000,987000000,$1.3B,$117.0M,$154.0M,$987.0M
2016-01-01,QC,1.446142846576761,1.5567183703980565,1.3439036628198695,1.4630619924737571,58657000000,8330000000,13392000000,36935000000,$58.7B,$8.3B,$13.4B,$36.9B
2016-01-01,SK,1.3800034358357671,1.4080370942812983,1.6680080482897384,1.307177033492823,8033000000,911000000,1658000000,5464000000,$8.0B,$911.0M,$1.7B,$5.5B
2016-01-01,YT,1.4858757062146892,1.4166666666666667,1.6271186440677967,1.4148936170212767,263000000,34000000,96000000,133000000,$263.0M,$34.0M,$96.0M,$133.0M
2017-01-01,AB,1.4294963097242004,1.6954413191076625,1.343755816117625,1.4047878128400435,33120000000,5244000000,7220000000,20656000000,$33.1B,$5.2B,$7.2B,$20.7B
2017-01-01,BC,1.5398629648698958,1.9164727178691492,1.4148023862788963,1.4908228243226371,38880000000,7411000000,7589000000,23880000000,$38.9B,$7.4B,$7.6B,$23.9B
2017-01-01,CA,1.4707586396805727,1.6448135430807314,1.4353714446107784,1.4457403517406857,267053000000,41196000000,61365000000,164492000000,$267.1B,$41.2B,$61.4B,$164.5B
2017-01-01,MB,1.4985130693379245,1.4962593516209477,1.7041373926619827,1.4377612633534602,9574000000,1200000000,2183000000,6191000000,$9.6B,$1.2B,$2.2B,$6.2B
2017-01-01,NB,1.439499709133217,1.6660649819494584,1.4,1.3948191156766414,4949000000,923000000,903000000,3123000000,$4.9B,$923.0M,$903.0M,$3.1B
2017-01-01,NL,1.44596698847711,1.766016713091922,1.6137724550898203,1.3780778395552025,4643000000,634000000,539000000,3470000000,$4.6B,$634.0M,$539.0M,$3.5B
2017-01-01,NS,1.4357142857142857,1.8622540250447228,1.4307692307692308,1.3709273182957393,7638000000,1041000000,1674000000,4923000000,$7.6B,$1.0B,$1.7B,$4.9B
2017-01-01,NT,1.4382284382284383,1.3932584269662922,1.4285714285714286,1.45703125,617000000,124000000,120000000,373000000,$617.0M,$124.0M,$120.0M,$373.0M
2017-01-01,NU,1.5616438356164384,1.5555555555555556,1.696969696969697,1.3142857142857143,228000000,70000000,112000000,46000000,$228.0M,$70.0M,$112.0M,$46.0M
2017-01-01,ON,1.4784865026546026,1.5484376632877,1.4180882437980686,1.4878634102442316,98859000000,14817000000,24523000000,59519000000,$98.9B,$14.8B,$24.5B,$59.5B
2017-01-01,PE,1.525982256020279,1.3636363636363635,1.4736842105263157,1.5604770017035776,1204000000,120000000,168000000,916000000,$1.2B,$120.0M,$168.0M,$916.0M
2017-01-01,QC,1.441064076329479,1.6182022051952907,1.4524836929252383,1.3990097048920578,58451000000,8659000000,14474000000,35318000000,$58.5B,$8.7B,$14.5B,$35.3B
2017-01-01,SK,1.4784401305617592,1.4188562596599692,1.7575452716297786,1.4212918660287082,8606000000,918000000,1747000000,5941000000,$8.6B,$918.0M,$1.7B,$5.9B
2017-01-01,YT,1.5423728813559323,1.4583333333333333,1.728813559322034,1.446808510638298,273000000,35000000,102000000,136000000,$273.0M,$35.0M,$102.0M,$136.0M
2018-01-01,AB,1.4910009063835297,1.7946977044940187,1.4092685650474595,1.4568824809575627,34545000000,5551000000,7572000000,21422000000,$34.5B,$5.6B,$7.6B,$21.4B
2018-01-01,BC,1.6319854251653532,1.934833204034135,1.5971290082028338,1.5705456361593209,41206000000,7482000000,8567000000,25157000000,$41.2B,$7.5B,$8.6B,$25.2B
2018-01-01,CA,1.5604240671898664,1.771660145332588,1.545027133233533,1.5197096073898944,283334000000,44373000000,66053000000,172908000000,$283.3B,$44.4B,$66.1B,$172.9B
2018-01-01,MB,1.5362341524495227,1.6097256857855362,1.771272443403591,1.452624245239201,9815000000,1291000000,2269000000,6255000000,$9.8B,$1.3B,$2.3B,$6.3B
2018-01-01,NB,1.5087260034904013,1.7220216606498195,1.5131782945736434,1.4546672621706118,5187000000,954000000,976000000,3257000000,$5.2B,$954.0M,$976.0M,$3.3B
2018-01-01,NL,1.4961071317346621,1.8802228412256268,1.6796407185628743,1.4169976171564733,4804000000,675000000,561000000,3568000000,$4.8B,$675.0M,$561.0M,$3.6B
2018-01-01,NS,1.5041353383458647,1.8622540250447228,1.5367521367521368,1.4377610693400167,8002000000,1041000000,1798000000,5163000000,$8.0B,$1.0B,$1.8B,$5.2B
2018-01-01,NT,1.5594405594405594,1.4943820224719102,1.5357142857142858,1.58984375,669000000,133000000,129000000,407000000,$669.0M,$133.0M,$129.0M,$407.0M
2018-01-01,NU,1.678082191780822,1.5555555555555556,1.9242424242424243,1.3714285714285714,245000000,70000000,127000000,48000000,$245.0M,$70.0M,$127.0M,$48.0M
2018-01-01,ON,1.590503252822852,1.7286027798098025,1.5262823107615797,1.585231107666925,106349000000,16541000000,26394000000,63414000000,$106.3B,$16.5B,$26.4B,$63.4B
2018-01-01,PE,1.5893536121673004,1.5113636363636365,1.5526315789473684,1.6081771720613287,1254000000,133000000,177000000,944000000,$1.3B,$133.0M,$177.0M,$944.0M
2018-01-01,QC,1.5316436971475063,1.7733133993646046,1.5600602107375816,1.4692018221429985,62125000000,9489000000,15546000000,37090000000,$62.1B,$9.5B,$15.5B,$37.1B
2018-01-01,SK,1.5177804500944856,1.5069551777434311,1.8259557344064385,1.4461722488038278,8835000000,975000000,1815000000,6045000000,$8.8B,$975.0M,$1.8B,$6.0B
2018-01-01,YT,1.6101694915254237,1.5416666666666667,1.8644067796610169,1.4680851063829787,285000000,37000000,110000000,138000000,$285.0M,$37.0M,$110.0M,$138.0M
2019-01-01,AB,1.4952738573093358,1.8056902683478824,1.4973013214219244,1.4291349292709468,34644000000,5585000000,8045000000,21014000000,$34.6B,$5.6B,$8.0B,$21.0B
2019-01-01,BC,1.7447819715632302,2.0374967675200413,1.714578672632364,1.6842302409788987,44054000000,7879000000,9197000000,26978000000,$44.1B,$7.9B,$9.2B,$27.0B
2019-01-01,CA,1.616290788930194,1.8389762836381058,1.6178892215568863,1.5666698893449467,293478000000,46059000000,69168000000,178251000000,$293.5B,$46.1B,$69.2B,$178.3B
2019-01-01,MB,1.5806855532947253,1.6733167082294265,1.8407494145199064,1.486065954482118,10099000000,1342000000,2358000000,6399000000,$10.1B,$1.3B,$2.4B,$6.4B
2019-01-01,NB,1.5159976730657359,1.8249097472924187,1.5891472868217054,1.4184903974988834,5212000000,1011000000,1025000000,3176000000,$5.2B,$1.0B,$1.0B,$3.2B
2019-01-01,NL,1.513235752102149,1.9387186629526463,1.718562874251497,1.4253375694996029,4859000000,696000000,574000000,3589000000,$4.9B,$696.0M,$574.0M,$3.6B
2019-01-01,NS,1.5539473684210525,1.926654740608229,1.5786324786324786,1.4878863826232247,8267000000,1077000000,1847000000,5343000000,$8.3B,$1.1B,$1.8B,$5.3B
2019-01-01,NT,1.641025641025641,1.5280898876404494,1.6428571428571428,1.6796875,704000000,136000000,138000000,430000000,$704.0M,$136.0M,$138.0M,$430.0M
2019-01-01,NU,1.8150684931506849,1.6222222222222222,2.1363636363636362,1.457142857142857,265000000,73000000,141000000,51000000,$265.0M,$73.0M,$141.0M,$51.0M
2019-01-01,ON,1.6251402078815524,1.7845124882432857,1.5970623951888048,1.5991550633702472,108665000000,17076000000,27618000000,63971000000,$108.7B,$17.1B,$27.6B,$64.0B
2019-01-01,PE,1.6337135614702154,1.4318181818181819,1.631578947368421,1.6643952299829643,1289000000,126000000,186000000,977000000,$1.3B,$126.0M,$186.0M,$977.0M
2019-01-01,QC,1.627893789600848,1.8770323304055316,1.6088309081786252,1.5826104179045355,66029000000,10044000000,16032000000,39953000000,$66.0B,$10.0B,$16.0B,$40.0B
2019-01-01,SK,1.5571207696272118,1.5054095826893354,1.8953722334004024,1.484688995215311,9064000000,974000000,1884000000,6206000000,$9.1B,$974.0M,$1.9B,$6.2B
2019-01-01,YT,1.7909604519774012,1.75,1.88135593220339,1.7446808510638299,317000000,42000000,111000000,164000000,$317.0M,$42.0M,$111.0M,$164.0M
2020-01-01,AB,1.5953644956623074,1.7200129324280633,1.592034245300577,1.570252992383025,36963000000,5320000000,8554000000,23089000000,$37.0B,$5.3B,$8.6B,$23.1B
2020-01-01,BC,1.8681927997148402,2.0504266873545385,1.872296793437733,1.8228243226370333,47170000000,7929000000,10043000000,29198000000,$47.2B,$7.9B,$10.0B,$29.2B
2020-01-01,CA,1.7346495938317499,1.8318294338417311,1.7340709206586826,1.7134746038302997,314969000000,45880000000,74135000000,194954000000,$315.0B,$45.9B,$74.1B,$195.0B
2020-01-01,MB,1.6282673344811394,1.5897755610972568,1.920374707259953,1.5485369252206225,10403000000,1275000000,2460000000,6668000000,$10.4B,$1.3B,$2.5B,$6.7B
2020-01-01,NB,1.5948225712623618,1.8267148014440433,1.6837209302325582,1.511835640911121,5483000000,1012000000,1086000000,3385000000,$5.5B,$1.0B,$1.1B,$3.4B
2020-01-01,NL,1.4973528495795703,1.883008356545961,1.7455089820359282,1.4094519459888801,4808000000,676000000,583000000,3549000000,$4.8B,$676.0M,$583.0M,$3.5B
2020-01-01,NS,1.6441729323308272,1.9803220035778175,1.7666666666666666,1.5519353940406573,8747000000,1107000000,2067000000,5573000000,$8.7B,$1.1B,$2.1B,$5.6B
2020-01-01,NT,1.7738927738927739,1.6292134831460674,1.7976190476190477,1.81640625,761000000,145000000,151000000,465000000,$761.0M,$145.0M,$151.0M,$465.0M
2020-01-01,NU,1.904109589041096,1.711111111111111,2.287878787878788,1.4285714285714286,278000000,77000000,151000000,50000000,$278.0M,$77.0M,$151.0M,$50.0M
2020-01-01,ON,1.7212742092275481,1.7974710001045042,1.7080899786040595,1.708746843986701,115093000000,17200000000,29538000000,68355000000,$115.1B,$17.2B,$29.5B,$68.4B
2020-01-01,PE,1.7008871989860583,1.4545454545454546,1.7982456140350878,1.7189097103918227,1342000000,128000000,205000000,1009000000,$1.3B,$128.0M,$205.0M,$1.0B
2020-01-01,QC,1.825965829244841,1.8575967108951599,1.725137982940291,1.8590612002376707,74063000000,9940000000,17191000000,46932000000,$74.1B,$9.9B,$17.2B,$46.9B
2020-01-01,SK,1.634942449750902,1.5965996908809892,1.9899396378269618,1.5564593301435408,9517000000,1033000000,1978000000,6506000000,$9.5B,$1.0B,$2.0B,$6.5B
2020-01-01,YT,1.8644067796610169,1.5833333333333333,1.9830508474576272,1.8617021276595744,330000000,38000000,117000000,175000000,$330.0M,$38.0M,$117.0M,$175.0M
2021-01-01,AB,1.6511286633000992,1.8231490462334303,1.5994788758607854,1.6337051142546246,38255000000,5639000000,8594000000,24022000000,$38.3B,$5.6B,$8.6B,$24.0B
2021-01-01,BC,1.9934650877262465,2.1735195241789502,1.971290082028337,1.9574228992383569,50333000000,8405000000,10574000000,31354000000,$50.3B,$8.4B,$10.6B,$31.4B
2021-01-01,CA,1.810458488228005,1.9417471851792703,1.781624251497006,1.7923921354931138,328734000000,48633000000,76168000000,203933000000,$328.7B,$48.6B,$76.2B,$203.9B
2021-01-01,MB,1.7334481139458444,1.685785536159601,1.868071818891491,1.7022758941012541,11075000000,1352000000,2393000000,7330000000,$11.1B,$1.4B,$2.4B,$7.3B
2021-01-01,NB,1.5607911576497964,1.9368231046931408,1.6372093023255814,1.4457347029924073,5366000000,1073000000,1056000000,3237000000,$5.4B,$1.1B,$1.1B,$3.2B
2021-01-01,NL,1.5256929305512301,1.9972144846796658,1.715568862275449,1.4332803812549642,4899000000,717000000,573000000,3609000000,$4.9B,$717.0M,$573.0M,$3.6B
2021-01-01,NS,1.6894736842105262,2.1001788908765655,1.8076923076923077,1.5870231133389028,8988000000,1174000000,2115000000,5699000000,$9.0B,$1.2B,$2.1B,$5.7B
2021-01-01,NT,1.8368298368298368,1.7191011235955056,1.8571428571428572,1.87109375,788000000,153000000,156000000,479000000,$788.0M,$153.0M,$156.0M,$479.0M
2021-01-01,NU,1.9726027397260273,1.8222222222222222,2.378787878787879,1.4,288000000,82000000,157000000,49000000,$288.0M,$82.0M,$157.0M,$49.0M
2021-01-01,ON,1.7964256337396247,1.9053192601107745,1.7687503614179148,1.78234132440067,120118000000,18232000000,30587000000,71299000000,$120.1B,$18.2B,$30.6B,$71.3B
2021-01-01,PE,1.7870722433460076,1.5454545454545454,1.8596491228070176,1.809199318568995,1410000000,136000000,212000000,1062000000,$1.4B,$136.0M,$212.0M,$1.1B
2021-01-01,QC,1.889351840437859,1.9689777611661372,1.763371801304566,1.9222024163200633,76634000000,10536000000,17572000000,48526000000,$76.6B,$10.5B,$17.6B,$48.5B
2021-01-01,SK,1.7550249098093111,1.6924265842349304,2.0492957746478875,1.694736842105263,10216000000,1095000000,2037000000,7084000000,$10.2B,$1.1B,$2.0B,$7.1B
2021-01-01,YT,1.9943502824858756,1.6666666666666667,2.2033898305084745,1.946808510638298,353000000,40000000,130000000,183000000,$353.0M,$40.0M,$130.0M,$183.0M
